Subject,Method,Tissue Type,Noise Level,RMSE
335852,s1_2,WM,0.0005,0.28739895624146283
335852,s1_3,WM,0.0005,0.26848275563703194
335852,both,WM,0.0005,0.5424491817477006
335852,s1_2,GM,0.0005,0.3237414429684566
335852,s1_3,GM,0.0005,0.5220402868680183
335852,both,GM,0.0005,0.5993918652354377
335852,s1_2,Other,0.0005,0.8743924577426916
335852,s1_3,Other,0.0005,2.5960922338345336
335852,both,Other,0.0005,2.551295652606888
335852,s1_2,All,0.0005,0.44695280231474116
335852,s1_3,All,0.0005,1.10060913621056
335852,both,All,0.0005,1.144620512374191
335852,s1_2,WM,0.001,0.28739566835682956
335852,s1_3,WM,0.001,0.2688801141674706
335852,both,WM,0.001,0.34788093413104276
335852,s1_2,GM,0.001,0.3239768855168839
335852,s1_3,GM,0.001,0.5202168735808352
335852,both,GM,0.001,0.5383311179795991
335852,s1_2,Other,0.001,0.8930443199830301
335852,s1_3,Other,0.001,2.5097952302361706
335852,both,Other,0.001,2.261782942318427
335852,s1_2,All,0.001,0.4528598474625777
335852,s1_3,All,0.001,1.067912145463672
335852,both,All,0.001,0.9906873191792427
335852,s1_2,WM,0.005,0.30677485173737135
335852,s1_3,WM,0.005,0.2796949677416763
335852,both,WM,0.005,0.2620526192299328
335852,s1_2,GM,0.005,0.36064262195115937
335852,s1_3,GM,0.005,0.48898311863039423
335852,both,GM,0.005,0.41559528198271906
335852,s1_2,Other,0.005,1.1146311283306958
335852,s1_3,Other,0.005,1.574038541730681
335852,both,Other,0.005,1.4820948711094488
335852,s1_2,All,0.005,0.539308549167645
335852,s1_3,All,0.005,0.7222903791729736
335852,both,All,0.005,0.6688735193904003
335852,s1_2,WM,0.01,0.3695234503024765
335852,s1_3,WM,0.01,0.31716889005253357
335852,both,WM,0.01,0.33767458333716244
335852,s1_2,GM,0.01,0.42536751001345174
335852,s1_3,GM,0.01,0.45735594472861996
335852,both,GM,0.01,0.381061869774742
335852,s1_2,Other,0.01,0.8632432130601055
335852,s1_3,Other,0.01,1.5481486272406797
335852,both,Other,0.01,1.0166853226715593
335852,s1_2,All,0.01,0.5003944563200626
335852,s1_3,All,0.01,0.7126447978252068
335852,both,All,0.01,0.5220068560031876
335852,s1_2,WM,0.015,0.45688011764676967
335852,s1_3,WM,0.015,0.37718107736432577
335852,both,WM,0.015,0.4355741828078731
335852,s1_2,GM,0.015,0.48300286191206526
335852,s1_3,GM,0.015,0.4748885366014005
335852,both,GM,0.015,0.46836183009357246
335852,s1_2,Other,0.015,0.6936133248983997
335852,s1_3,Other,0.015,1.5552221713760823
335852,both,Other,0.015,0.6106781707568979
335852,s1_2,All,0.015,0.511326574886738
335852,s1_3,All,0.015,0.7326833676121549
335852,both,All,0.015,0.4797277333372643
335852,s1_2,WM,0.02,0.5750873457123752
335852,s1_3,WM,0.02,0.46258163948622494
335852,both,WM,0.02,0.5388174556698813
335852,s1_2,GM,0.02,0.5373139222701374
335852,s1_3,GM,0.02,0.5105708107016779
335852,both,GM,0.02,0.5630892475966278
335852,s1_2,Other,0.02,0.9656637735315563
335852,s1_3,Other,0.02,1.4349031353063857
335852,both,Other,0.02,0.49632508517866325
335852,s1_2,All,0.02,0.6409778290035287
335852,s1_3,All,0.02,0.7251979126268959
335852,both,All,0.02,0.541669799125787
335561,s1_2,WM,0.0005,0.3100784318185414
335561,s1_3,WM,0.0005,0.29877173264205265
335561,both,WM,0.0005,0.5043923657337139
335561,s1_2,GM,0.0005,0.3545147550049858
335561,s1_3,GM,0.0005,0.6242226369499972
335561,both,GM,0.0005,0.6546696717270977
335561,s1_2,Other,0.0005,1.0624427368382094
335561,s1_3,Other,0.0005,2.723540682036348
335561,both,Other,0.0005,2.676890810425069
335561,s1_2,All,0.0005,0.6164627561840196
335561,s1_3,All,0.0005,1.4612330735858623
335561,both,All,0.0005,1.4650196002705673
335561,s1_2,WM,0.001,0.31005150284247546
335561,s1_3,WM,0.001,0.2984853387481852
335561,both,WM,0.001,0.3554575832497017
335561,s1_2,GM,0.001,0.3549576821838114
335561,s1_3,GM,0.001,0.6254903521649784
335561,both,GM,0.001,0.6062286970939927
335561,s1_2,Other,0.001,1.0842391681680577
335561,s1_3,Other,0.001,2.6746743093354435
335561,both,Other,0.001,2.3658221039258964
335561,s1_2,All,0.001,0.6265218049645845
335561,s1_3,All,0.001,1.437277133421154
335561,both,All,0.001,1.2882183362953394
335561,s1_2,WM,0.005,0.33049732361735057
335561,s1_3,WM,0.005,0.3056933529218162
335561,both,WM,0.005,0.28743579475320996
335561,s1_2,GM,0.005,0.41298235471330297
335561,s1_3,GM,0.005,0.5942799487593713
335561,both,GM,0.005,0.49878451069129043
335561,s1_2,Other,0.005,1.250928937820266
335561,s1_3,Other,0.005,1.668623204761141
335561,both,Other,0.005,1.6035184196557317
335561,s1_2,All,0.005,0.7184517115723309
335561,s1_3,All,0.005,0.9466822485188736
335561,both,All,0.005,0.8941607414262984
335561,s1_2,WM,0.01,0.392468238676551
335561,s1_3,WM,0.01,0.33603604784600877
335561,both,WM,0.01,0.3618072604090616
335561,s1_2,GM,0.01,0.4898127072310508
335561,s1_3,GM,0.01,0.5606269790224524
335561,both,GM,0.01,0.43816802736540755
335561,s1_2,Other,0.01,0.9328719209128344
335561,s1_3,Other,0.01,1.6522638431664234
335561,both,Other,0.01,1.0978543251637747
335561,s1_2,All,0.01,0.6111285934165481
335561,s1_3,All,0.01,0.9359492985757498
335561,both,All,0.01,0.6608538239093296
335561,s1_2,WM,0.015,0.47548882142260235
335561,s1_3,WM,0.015,0.388887874051774
335561,both,WM,0.015,0.4645877686537749
335561,s1_2,GM,0.015,0.530847992166251
335561,s1_3,GM,0.015,0.5819674911191878
335561,both,GM,0.015,0.5034132244690535
335561,s1_2,Other,0.015,0.7305550644575362
335561,s1_3,Other,0.015,1.6586310258971864
335561,both,Other,0.015,0.6344537379853066
335561,s1_2,All,0.015,0.5716942460216139
335561,s1_3,All,0.015,0.9512851793939454
335561,both,All,0.015,0.5275256561612738
335561,s1_2,WM,0.02,0.5822612248803174
335561,s1_3,WM,0.02,0.4652964140032725
335561,both,WM,0.02,0.5696932324722823
335561,s1_2,GM,0.02,0.564144347504726
335561,s1_3,GM,0.02,0.6026356326668637
335561,both,GM,0.02,0.5870752002391529
335561,s1_2,Other,0.02,1.1783649561515834
335561,s1_3,Other,0.02,1.5425696086844043
335561,both,Other,0.02,0.4752342837939794
335561,s1_2,All,0.02,0.7810462213942266
335561,s1_3,All,0.02,0.91671938500739
335561,both,All,0.02,0.552561095392675
334408,s1_2,WM,0.0005,0.7165553728151897
334408,s1_3,WM,0.0005,0.6999234364489872
334408,both,WM,0.0005,0.8307236084188306
334408,s1_2,GM,0.0005,0.3462745814930527
334408,s1_3,GM,0.0005,0.5189440802993893
334408,both,GM,0.0005,0.5548316796434004
334408,s1_2,Other,0.0005,1.1814413026819652
334408,s1_3,Other,0.0005,2.4582290701203804
334408,both,Other,0.0005,2.380736209021244
334408,s1_2,All,0.0005,0.6902921095788276
334408,s1_3,All,0.0005,1.0449762139305272
334408,both,All,0.0005,1.0777563102077548
334408,s1_2,WM,0.001,0.7165545593322458
334408,s1_3,WM,0.001,0.6999090054242865
334408,both,WM,0.001,0.7272560959613134
334408,s1_2,GM,0.001,0.3470499961213239
334408,s1_3,GM,0.001,0.5181713100228573
334408,both,GM,0.001,0.5304009005761631
334408,s1_2,Other,0.001,1.2010019718088019
334408,s1_3,Other,0.001,2.3900952768655315
334408,both,Other,0.001,2.0870854481129113
334408,s1_2,All,0.001,0.694578392696753
334408,s1_3,All,0.001,1.025181820737978
334408,both,All,0.001,0.9531521893724965
334408,s1_2,WM,0.005,0.7311017888505777
334408,s1_3,WM,0.005,0.7129275627103989
334408,both,WM,0.005,0.7102546116507016
334408,s1_2,GM,0.005,0.3856572104968772
334408,s1_3,GM,0.005,0.4883455738963005
334408,both,GM,0.005,0.4407071922184843
334408,s1_2,Other,0.005,1.3186636010044697
334408,s1_3,Other,0.005,1.629624634397973
334408,both,Other,0.005,1.5689316939042113
334408,s1_2,All,0.005,0.7349019074370899
334408,s1_3,All,0.005,0.8202768145602538
334408,both,All,0.005,0.7941358924012704
334408,s1_2,WM,0.01,0.7846148579597984
334408,s1_3,WM,0.01,0.7552014157591089
334408,both,WM,0.01,0.764642233836193
334408,s1_2,GM,0.01,0.4402445505846863
334408,s1_3,GM,0.01,0.45529664806618003
334408,both,GM,0.01,0.38614976477018514
334408,s1_2,Other,0.01,1.044417523688175
334408,s1_3,Other,0.01,1.6032868413805712
334408,both,Other,0.01,1.1385547193871244
334408,s1_2,All,0.01,0.7197832578589477
334408,s1_3,All,0.01,0.8260128002933828
334408,both,All,0.01,0.7149582865392093
334408,s1_2,WM,0.015,0.8451509672435666
334408,s1_3,WM,0.015,0.8048719810824899
334408,both,WM,0.015,0.8264213130488074
334408,s1_2,GM,0.015,0.4980587313105152
334408,s1_3,GM,0.015,0.47434442192907933
334408,both,GM,0.015,0.45530526003510297
334408,s1_2,Other,0.015,0.8904569990856704
334408,s1_3,Other,0.015,1.6155616119429934
334408,both,Other,0.015,0.7932725241165903
334408,s1_2,All,0.015,0.7426267529922237
334408,s1_3,All,0.015,0.8561517364005887
334408,both,All,0.015,0.7073883776394772
334408,s1_2,WM,0.02,0.9315322436446709
334408,s1_3,WM,0.02,0.8686726973977035
334408,both,WM,0.02,0.8986674190162547
334408,s1_2,GM,0.02,0.5607721777879731
334408,s1_3,GM,0.02,0.5193757227503333
334408,both,GM,0.02,0.5445200768889995
334408,s1_2,Other,0.02,1.2255781144468005
334408,s1_3,Other,0.02,1.516554103002301
334408,both,Other,0.02,0.6922412669490722
334408,s1_2,All,0.02,0.8609120964119229
334408,s1_3,All,0.02,0.8749277761320116
334408,both,All,0.02,0.7603283912771157
337021,s1_2,WM,0.0005,0.22985340535606952
337021,s1_3,WM,0.0005,0.20443848086889083
337021,both,WM,0.0005,0.5138226428072574
337021,s1_2,GM,0.0005,0.21351596827617228
337021,s1_3,GM,0.0005,0.3909906388005885
337021,both,GM,0.0005,0.503245714591838
337021,s1_2,Other,0.0005,0.5636454411537705
337021,s1_3,Other,0.0005,1.4113770596716801
337021,both,Other,0.0005,1.5260386546536486
337021,s1_2,All,0.0005,0.257517472457534
337021,s1_3,All,0.0005,0.46079572853633943
337021,both,All,0.0005,0.6236448017774124
337021,s1_2,WM,0.001,0.22984987841690552
337021,s1_3,WM,0.001,0.20421714165956176
337021,both,WM,0.001,0.29033465693869
337021,s1_2,GM,0.001,0.2129271513742991
337021,s1_3,GM,0.001,0.38908031874925886
337021,both,GM,0.001,0.4418674421349037
337021,s1_2,Other,0.001,0.5677267230172426
337021,s1_3,Other,0.001,1.3749694310026364
337021,both,Other,0.001,1.3895417117194677
337021,s1_2,All,0.001,0.2578669744558944
337021,s1_3,All,0.001,0.4530725653444559
337021,both,All,0.001,0.4982688251293567
337021,s1_2,WM,0.005,0.25169810367052153
337021,s1_3,WM,0.005,0.22079668657141682
337021,both,WM,0.005,0.20053297971816464
337021,s1_2,GM,0.005,0.22235889846247422
337021,s1_3,GM,0.005,0.3614602013839884
337021,both,GM,0.005,0.2936144866936325
337021,s1_2,Other,0.005,0.7052916287640852
337021,s1_3,Other,0.005,1.1868848490073194
337021,both,Other,0.005,1.0216941483526727
337021,s1_2,All,0.005,0.2908017676532677
337021,s1_3,All,0.005,0.4118246267333201
337021,both,All,0.005,0.35090953254741697
337021,s1_2,WM,0.01,0.319935465665855
337021,s1_3,WM,0.01,0.2626731675312455
337021,both,WM,0.01,0.2825538346652775
337021,s1_2,GM,0.01,0.2739139114181234
337021,s1_3,GM,0.01,0.31382103318085
337021,both,GM,0.01,0.24280504930753755
337021,s1_2,Other,0.01,0.7939212087686488
337021,s1_3,Other,0.01,1.1259463493924755
337021,both,Other,0.01,0.7379754449988125
337021,s1_2,All,0.01,0.35163317315477877
337021,s1_3,All,0.01,0.3962449456262038
337021,both,All,0.01,0.3161540675946257
337021,s1_2,WM,0.015,0.41338169519657575
337021,s1_3,WM,0.015,0.33387502361068305
337021,both,WM,0.015,0.3859060226100753
337021,s1_2,GM,0.015,0.3612435645258653
337021,s1_3,GM,0.015,0.3146735142219296
337021,both,GM,0.015,0.3506622074666349
337021,s1_2,Other,0.015,0.8107644989357056
337021,s1_3,Other,0.015,1.15983217514088
337021,both,Other,0.015,0.6095630158217675
337021,s1_2,All,0.015,0.4288443216851671
337021,s1_3,All,0.015,0.42837126928937974
337021,both,All,0.015,0.3894149686731396
337021,s1_2,WM,0.02,0.5462734473276946
337021,s1_3,WM,0.02,0.43072044642785495
337021,both,WM,0.02,0.4973614611855129
337021,s1_2,GM,0.02,0.46694827001116634
337021,s1_3,GM,0.02,0.3677289674944419
337021,both,GM,0.02,0.4610871213585739
337021,s1_2,Other,0.02,0.808096651169839
337021,s1_3,Other,0.02,1.1569174498112913
337021,both,Other,0.02,0.5891598309566815
337021,s1_2,All,0.02,0.5346315625678527
337021,s1_3,All,0.02,0.48587633075370684
337021,both,All,0.02,0.4884241547343547
337204,s1_2,WM,0.0005,0.388881526901979
337204,s1_3,WM,0.0005,0.3657541675210754
337204,both,WM,0.0005,0.4586445007603366
337204,s1_2,GM,0.0005,0.35756647914158324
337204,s1_3,GM,0.0005,0.4733028281154815
337204,both,GM,0.0005,0.6098575774235007
337204,s1_2,Other,0.0005,0.7076997246021508
337204,s1_3,Other,0.0005,1.7650611350402772
337204,both,Other,0.0005,2.0472948951016177
337204,s1_2,All,0.0005,0.42732657996126006
337204,s1_3,All,0.0005,0.7261141473971935
337204,both,All,0.0005,0.8680764943410967
337204,s1_2,WM,0.001,0.38888704446556926
337204,s1_3,WM,0.001,0.36574498142659534
337204,both,WM,0.001,0.37181001438518324
337204,s1_2,GM,0.001,0.3574456714727698
337204,s1_3,GM,0.001,0.47262326448962005
337204,both,GM,0.001,0.5276538648568768
337204,s1_2,Other,0.001,0.7154410609892816
337204,s1_3,Other,0.001,1.669259032894045
337204,both,Other,0.001,1.8072424028798078
337204,s1_2,All,0.001,0.42881384566767744
337204,s1_3,All,0.001,0.6984763407768123
337204,both,All,0.001,0.7555004665950283
337204,s1_2,WM,0.005,0.4101969114656402
337204,s1_3,WM,0.005,0.3817725054579668
337204,both,WM,0.005,0.36557646737892774
337204,s1_2,GM,0.005,0.3818958128732714
337204,s1_3,GM,0.005,0.4513040218530104
337204,both,GM,0.005,0.38828248408535015
337204,s1_2,Other,0.005,0.8866016952834462
337204,s1_3,Other,0.005,1.350158827111653
337204,both,Other,0.005,1.1677960044058469
337204,s1_2,All,0.005,0.4815814348334142
337204,s1_3,All,0.005,0.6084304021225461
337204,both,All,0.005,0.5359409446519946
337204,s1_2,WM,0.01,0.4742866364945534
337204,s1_3,WM,0.01,0.423627813666017
337204,both,WM,0.01,0.4476359655536675
337204,s1_2,GM,0.01,0.4475858402547427
337204,s1_3,GM,0.01,0.4366093775981579
337204,both,GM,0.01,0.41794965772823417
337204,s1_2,Other,0.01,0.8627445064462412
337204,s1_3,Other,0.01,1.3115512916230625
337204,both,Other,0.01,0.8709888492254897
337204,s1_2,All,0.01,0.5253176399141558
337204,s1_3,All,0.01,0.606105897400533
337204,both,All,0.01,0.5055058997611936
337204,s1_2,WM,0.015,0.5618403224564983
337204,s1_3,WM,0.015,0.4912992809209684
337204,both,WM,0.015,0.5439812515036617
337204,s1_2,GM,0.015,0.5228317301140203
337204,s1_3,GM,0.015,0.46707911885195114
337204,both,GM,0.015,0.5244974822624167
337204,s1_2,Other,0.015,0.7926954093903151
337204,s1_3,Other,0.015,1.3387295035739712
337204,both,Other,0.015,0.7282804314902568
337204,s1_2,All,0.015,0.5782988167890318
337204,s1_3,All,0.015,0.64462443487102
337204,both,All,0.015,0.5610053574467219
337204,s1_2,WM,0.02,0.6863063898134376
337204,s1_3,WM,0.02,0.5832761739619119
337204,both,WM,0.02,0.6514301019796441
337204,s1_2,GM,0.02,0.5956067028416245
337204,s1_3,GM,0.02,0.52425017976708
337204,both,GM,0.02,0.6302636907029177
337204,s1_2,Other,0.02,0.7748872010867667
337204,s1_3,Other,0.02,1.257726660676336
337204,both,Other,0.02,0.7135370833990916
337204,s1_2,All,0.02,0.6602031610622581
337204,s1_3,All,0.02,0.6777348028683179
337204,both,All,0.02,0.6501107316633982
335867,s1_2,WM,0.0005,0.3323625585234796
335867,s1_3,WM,0.0005,0.3151111790558819
335867,both,WM,0.0005,0.5092033685202921
335867,s1_2,GM,0.0005,0.31006706207788515
335867,s1_3,GM,0.0005,0.4514036396708116
335867,both,GM,0.0005,0.48925015612136713
335867,s1_2,Other,0.0005,0.8229735530588753
335867,s1_3,Other,0.0005,1.9188929215206245
335867,both,Other,0.0005,1.9802784598694974
335867,s1_2,All,0.0005,0.40775089572632506
335867,s1_3,All,0.0005,0.7316247609015485
335867,both,All,0.0005,0.8067237449543437
335867,s1_2,WM,0.001,0.3323611837871121
335867,s1_3,WM,0.001,0.3150661395941485
335867,both,WM,0.001,0.3417710576029268
335867,s1_2,GM,0.001,0.30990673130955143
335867,s1_3,GM,0.001,0.45092076590177005
335867,both,GM,0.001,0.44093529705307166
335867,s1_2,Other,0.001,0.8327231838398433
335867,s1_3,Other,0.001,1.818213604721604
335867,both,Other,0.001,1.6983072115363844
335867,s1_2,All,0.001,0.40985503982381705
335867,s1_3,All,0.001,0.7028354709215757
335867,both,All,0.001,0.6724945066791591
335867,s1_2,WM,0.005,0.3540134516869781
335867,s1_3,WM,0.005,0.3334264241644192
335867,both,WM,0.005,0.31307605084878565
335867,s1_2,GM,0.005,0.3351854447475333
335867,s1_3,GM,0.005,0.42988638772735904
335867,both,GM,0.005,0.3636238121706602
335867,s1_2,Other,0.005,1.1138373442728269
335867,s1_3,Other,0.005,1.615255591068365
335867,both,Other,0.005,1.4119822423509107
335867,s1_2,All,0.005,0.4915366453913816
335867,s1_3,All,0.005,0.6445673256153687
335867,both,All,0.005,0.5654136636920382
335867,s1_2,WM,0.01,0.4215310830108059
335867,s1_3,WM,0.01,0.3769062197664787
335867,both,WM,0.01,0.39390704203305543
335867,s1_2,GM,0.01,0.40492631148887204
335867,s1_3,GM,0.01,0.40972336322979175
335867,both,GM,0.01,0.36761032507661223
335867,s1_2,Other,0.01,1.0420559808245715
335867,s1_3,Other,0.01,1.5871626410276354
335867,both,Other,0.01,1.0248785853283149
335867,s1_2,All,0.01,0.5206043083338348
335867,s1_3,All,0.01,0.6424392930997884
335867,both,All,0.01,0.4943617204765288
335867,s1_2,WM,0.015,0.5139272026036298
335867,s1_3,WM,0.015,0.45186973648279705
335867,both,WM,0.015,0.49125591809703945
335867,s1_2,GM,0.015,0.47565228031764034
335867,s1_3,GM,0.015,0.43492299481423125
335867,both,GM,0.015,0.4659372120264909
335867,s1_2,Other,0.015,0.9371462649897683
335867,s1_3,Other,0.015,1.602708438822952
335867,both,Other,0.015,0.7912769687665937
335867,s1_2,All,0.015,0.5612695277801795
335867,s1_3,All,0.015,0.6753079332815795
335867,both,All,0.015,0.5225045979272585
335867,s1_2,WM,0.02,0.6502531177583057
335867,s1_3,WM,0.02,0.5550806949162291
335867,both,WM,0.02,0.6057047707203265
335867,s1_2,GM,0.02,0.5476244910988396
335867,s1_3,GM,0.02,0.48459512890652373
335867,both,GM,0.02,0.5708421326853432
335867,s1_2,Other,0.02,0.8691232466455656
335867,s1_3,Other,0.02,1.4838326683283038
335867,both,Other,0.02,0.7028955184679381
335867,s1_2,All,0.02,0.6376849184994074
335867,s1_3,All,0.02,0.6954539396695288
335867,both,All,0.02,0.6027025390010189
336126,s1_2,WM,0.0005,0.29757109692904865
336126,s1_3,WM,0.0005,0.2790836993946242
336126,both,WM,0.0005,0.5192703377398682
336126,s1_2,GM,0.0005,0.2794313591199655
336126,s1_3,GM,0.0005,0.4618947452722158
336126,both,GM,0.0005,0.500724399972649
336126,s1_2,Other,0.0005,0.8296297711084736
336126,s1_3,Other,0.0005,1.6405343939310644
336126,both,Other,0.0005,1.626058978705331
336126,s1_2,All,0.0005,0.3578796396958077
336126,s1_3,All,0.0005,0.5765156779345146
336126,both,All,0.0005,0.6605831595325719
336126,s1_2,WM,0.001,0.29756249273776325
336126,s1_3,WM,0.001,0.27905558494719024
336126,both,WM,0.001,0.3258639522321188
336126,s1_2,GM,0.001,0.27913989981811954
336126,s1_3,GM,0.001,0.46169038707281396
336126,both,GM,0.001,0.46271615730129234
336126,s1_2,Other,0.001,0.8385682907969201
336126,s1_3,Other,0.001,1.6229827277697249
336126,both,Other,0.001,1.4989563149435852
336126,s1_2,All,0.001,0.3593083331199401
336126,s1_3,All,0.001,0.5727546194869485
336126,both,All,0.001,0.559691900550054
336126,s1_2,WM,0.005,0.3192455171501318
336126,s1_3,WM,0.005,0.29364372947706757
336126,both,WM,0.005,0.27210204055942316
336126,s1_2,GM,0.005,0.2999073712526448
336126,s1_3,GM,0.005,0.43404712809690016
336126,both,GM,0.005,0.3632532443352895
336126,s1_2,Other,0.005,1.032324851371659
336126,s1_3,Other,0.005,1.4464935010858264
336126,both,Other,0.005,1.3067079236549546
336126,s1_2,All,0.005,0.4094412859499168
336126,s1_3,All,0.005,0.5298565344626672
336126,both,All,0.005,0.47004944509796415
336126,s1_2,WM,0.01,0.3869845280390622
336126,s1_3,WM,0.01,0.33493550068462874
336126,both,WM,0.01,0.3536913160249263
336126,s1_2,GM,0.01,0.3582663273586585
336126,s1_3,GM,0.01,0.39373477169123444
336126,both,GM,0.01,0.32043342263341357
336126,s1_2,Other,0.01,1.006139144853942
336126,s1_3,Other,0.01,1.4127763661880532
336126,both,Other,0.01,0.9960652349161164
336126,s1_2,All,0.01,0.45136025846426364
336126,s1_3,All,0.01,0.5203152786361879
336126,both,All,0.01,0.42300819612599627
336126,s1_2,WM,0.015,0.4786427912567441
336126,s1_3,WM,0.015,0.40232393350143814
336126,both,WM,0.015,0.4552210851511582
336126,s1_2,GM,0.015,0.4335177589475979
336126,s1_3,GM,0.015,0.4039110139957771
336126,both,GM,0.015,0.41200476948033754
336126,s1_2,Other,0.015,0.9505908304952215
336126,s1_3,Other,0.015,1.4353391561553417
336126,both,Other,0.015,0.7932131274762483
336126,s1_2,All,0.015,0.5101091130827563
336126,s1_3,All,0.015,0.5501014015381195
336126,both,All,0.015,0.4704920680393679
336126,s1_2,WM,0.02,0.6058012002010192
336126,s1_3,WM,0.02,0.49503401188173457
336126,both,WM,0.02,0.563853167249971
336126,s1_2,GM,0.02,0.5183306113333362
336126,s1_3,GM,0.02,0.4507593653531296
336126,both,GM,0.02,0.5124980052967257
336126,s1_2,Other,0.02,0.9351259444768935
336126,s1_3,Other,0.02,1.3862351187002495
336126,both,Other,0.02,0.7228361001865887
336126,s1_2,All,0.02,0.5998433090172227
336126,s1_3,All,0.02,0.5914692448549993
336126,both,All,0.02,0.554916843165201
335749,s1_2,WM,0.0005,0.316175539117644
335749,s1_3,WM,0.0005,0.2980640396433205
335749,both,WM,0.0005,0.41786091963250277
335749,s1_2,GM,0.0005,0.3107217347575305
335749,s1_3,GM,0.0005,0.518088403644815
335749,both,GM,0.0005,0.5392455747656398
335749,s1_2,Other,0.0005,0.9419836112448555
335749,s1_3,Other,0.0005,2.1876432179658374
335749,both,Other,0.0005,2.123367359431442
335749,s1_2,All,0.0005,0.45248335079346486
335749,s1_3,All,0.0005,0.8957734314440273
335749,both,All,0.0005,0.9006219695752274
335749,s1_2,WM,0.001,0.3161736246170299
335749,s1_3,WM,0.001,0.2973554484742789
335749,both,WM,0.001,0.2928804719541301
335749,s1_2,GM,0.001,0.3106324626837814
335749,s1_3,GM,0.001,0.5162800493024452
335749,both,GM,0.001,0.49461324622818226
335749,s1_2,Other,0.001,0.9576691773625922
335749,s1_3,Other,0.001,2.129750784768415
335749,both,Other,0.001,1.9525046964311945
335749,s1_2,All,0.001,0.45687907053082655
335749,s1_3,All,0.001,0.876163857137723
335749,both,All,0.001,0.8118951024944702
335749,s1_2,WM,0.005,0.3387564980884226
335749,s1_3,WM,0.005,0.3116315894386453
335749,both,WM,0.005,0.29275253083306785
335749,s1_2,GM,0.005,0.3452616972263061
335749,s1_3,GM,0.005,0.4801944882273313
335749,both,GM,0.005,0.3945639510780435
335749,s1_2,Other,0.005,1.2312529187135417
335749,s1_3,Other,0.005,1.727444852795453
335749,both,Other,0.005,1.5729614906206417
335749,s1_2,All,0.005,0.553065096177732
335749,s1_3,All,0.005,0.7388732379543226
335749,both,All,0.005,0.6626612725401516
335749,s1_2,WM,0.01,0.40698860780012946
335749,s1_3,WM,0.01,0.35514760094778974
335749,both,WM,0.01,0.378260378749814
335749,s1_2,GM,0.01,0.42153280773223106
335749,s1_3,GM,0.01,0.4506592378788357
335749,both,GM,0.01,0.3728968053711103
335749,s1_2,Other,0.01,1.0719231645157268
335749,s1_3,Other,0.01,1.690617814301046
335749,both,Other,0.01,1.1470897324709053
335749,s1_2,All,0.01,0.551111778575784
335749,s1_3,All,0.01,0.7273355557907564
335749,both,All,0.01,0.5473633559893489
335749,s1_2,WM,0.015,0.49824084107537014
335749,s1_3,WM,0.015,0.42182333207715283
335749,both,WM,0.015,0.4796012361811099
335749,s1_2,GM,0.015,0.4891208277505375
335749,s1_3,GM,0.015,0.4739555964477559
335749,both,GM,0.015,0.46404281450482077
335749,s1_2,Other,0.015,0.9275008400031973
335749,s1_3,Other,0.015,1.7024464332507907
335749,both,Other,0.015,0.7903769021430663
335749,s1_2,All,0.015,0.5717285230045711
335749,s1_3,All,0.015,0.7522266661897979
335749,both,All,0.015,0.5261126553218095
335749,s1_2,WM,0.02,0.6216162317695922
335749,s1_3,WM,0.02,0.5131543554169542
335749,both,WM,0.02,0.5872560552600191
335749,s1_2,GM,0.02,0.5579451751289223
335749,s1_3,GM,0.02,0.5185729871190923
335749,both,GM,0.02,0.5649780679003557
335749,s1_2,Other,0.02,0.9342180706257942
335749,s1_3,Other,0.02,1.5891934471758276
335749,both,Other,0.02,0.6336008519920092
335749,s1_2,All,0.02,0.6471504981619816
335749,s1_3,All,0.02,0.7557666234016805
335749,both,All,0.02,0.5840725229430805
335508,s1_2,WM,0.0005,0.2941368188718706
335508,s1_3,WM,0.0005,0.27779605305824917
335508,both,WM,0.0005,0.5000065347911794
335508,s1_2,GM,0.0005,0.3170288530644547
335508,s1_3,GM,0.0005,0.49997241021909206
335508,both,GM,0.0005,0.5416185690674726
335508,s1_2,Other,0.0005,0.9115420551546097
335508,s1_3,Other,0.0005,2.1307400488196926
335508,both,Other,0.0005,2.1121685893318722
335508,s1_2,All,0.0005,0.416594399482246
335508,s1_3,All,0.0005,0.7988683144616469
335508,both,All,0.0005,0.8524047039782592
335508,s1_2,WM,0.001,0.29413364251089247
335508,s1_3,WM,0.001,0.2779294542609182
335508,both,WM,0.001,0.31990370866594486
335508,s1_2,GM,0.001,0.31738676921750103
335508,s1_3,GM,0.001,0.49762542681085964
335508,both,GM,0.001,0.4961709166226347
335508,s1_2,Other,0.001,0.926809809886351
335508,s1_3,Other,0.001,2.085818116065054
335508,both,Other,0.001,1.923844695652708
335508,s1_2,All,0.001,0.42035602579824516
335508,s1_3,All,0.001,0.785248343136122
335508,both,All,0.001,0.7461410363759164
335508,s1_2,WM,0.005,0.315400283502275
335508,s1_3,WM,0.005,0.2939928714302135
335508,both,WM,0.005,0.27361289432329533
335508,s1_2,GM,0.005,0.35511091589370525
335508,s1_3,GM,0.005,0.4687545908019173
335508,both,GM,0.005,0.40323546585273795
335508,s1_2,Other,0.005,1.189391814501042
335508,s1_3,Other,0.005,1.652713048244203
335508,both,Other,0.005,1.5294497351923615
335508,s1_2,All,0.005,0.5040726048575809
335508,s1_3,All,0.005,0.6576888061376578
335508,both,All,0.005,0.5996144484099649
335508,s1_2,WM,0.01,0.38199942851005236
335508,s1_3,WM,0.01,0.33576195204570297
335508,both,WM,0.01,0.35299513711895836
335508,s1_2,GM,0.01,0.4159733690214959
335508,s1_3,GM,0.01,0.43919473485311794
335508,both,GM,0.01,0.37184412716677456
335508,s1_2,Other,0.01,1.0364609264855318
335508,s1_3,Other,0.01,1.626067066090865
335508,both,Other,0.01,1.119805803743953
335508,s1_2,All,0.01,0.5086505115709842
335508,s1_3,All,0.01,0.6504397048864853
335508,both,All,0.01,0.5033034279190575
335508,s1_2,WM,0.015,0.47344402516133915
335508,s1_3,WM,0.015,0.40650028176373904
335508,both,WM,0.015,0.4513942832190913
335508,s1_2,GM,0.015,0.4762284253680647
335508,s1_3,GM,0.015,0.45959059750996833
335508,both,GM,0.015,0.4569384014457998
335508,s1_2,Other,0.015,0.9076485756549438
335508,s1_3,Other,0.015,1.6408521495313086
335508,both,Other,0.015,0.7846600023842609
335508,s1_2,All,0.015,0.5389421957116982
335508,s1_3,All,0.015,0.6782687520763183
335508,both,All,0.015,0.5007260282431868
335508,s1_2,WM,0.02,0.604794861348591
335508,s1_3,WM,0.02,0.5038813838559811
335508,both,WM,0.02,0.5624463961419899
335508,s1_2,GM,0.02,0.5383124697523238
335508,s1_3,GM,0.02,0.5006778587183207
335508,both,GM,0.02,0.5540644995409921
335508,s1_2,Other,0.02,0.9187346354845771
335508,s1_3,Other,0.02,1.5419596960833581
335508,both,Other,0.02,0.6522049971834055
335508,s1_2,All,0.02,0.619851532043622
335508,s1_3,All,0.02,0.6951117808632558
335508,both,All,0.02,0.5692643042655114
334317,s1_2,WM,0.0005,0.23392433522966627
334317,s1_3,WM,0.0005,0.21309432613250273
334317,both,WM,0.0005,0.42439753978693845
334317,s1_2,GM,0.0005,0.3827239385790694
334317,s1_3,GM,0.0005,0.5657199971054693
334317,both,GM,0.0005,0.5546047745362374
334317,s1_2,Other,0.0005,1.2321603412679072
334317,s1_3,Other,0.0005,2.9454417135820044
334317,both,Other,0.0005,2.8902078800909003
334317,s1_2,All,0.0005,0.6739520692292876
334317,s1_3,All,0.0005,1.5187369973815312
334317,both,All,0.0005,1.5081192904920375
334317,s1_2,WM,0.001,0.2339275882968224
334317,s1_3,WM,0.001,0.21308620234966938
334317,both,WM,0.001,0.2543942710128972
334317,s1_2,GM,0.001,0.38317805161717006
334317,s1_3,GM,0.001,0.5661659373146556
334317,both,GM,0.001,0.5486756470975102
334317,s1_2,Other,0.001,1.2559240974431323
334317,s1_3,Other,0.001,2.9164857240872197
334317,both,Other,0.001,2.609788204987254
334317,s1_2,All,0.001,0.6849515322405348
334317,s1_3,All,0.001,1.5047213304792033
334317,both,All,0.001,1.3564505844817827
334317,s1_2,WM,0.005,0.2553764258115537
334317,s1_3,WM,0.005,0.22393924323363992
334317,both,WM,0.005,0.20851644603915487
334317,s1_2,GM,0.005,0.41473248158556647
334317,s1_3,GM,0.005,0.5422154588708663
334317,both,GM,0.005,0.47416080577090475
334317,s1_2,Other,0.005,1.3239283654246392
334317,s1_3,Other,0.005,1.6726772696922423
334317,both,Other,0.005,1.632240430370834
334317,s1_2,All,0.005,0.7254106440845108
334317,s1_3,All,0.005,0.9086301503523312
334317,both,All,0.005,0.8745913176430926
334317,s1_2,WM,0.01,0.32183711193388326
334317,s1_3,WM,0.01,0.2641278880065664
334317,both,WM,0.01,0.29169149378656944
334317,s1_2,GM,0.01,0.4608213244813441
334317,s1_3,GM,0.01,0.5071057080597371
334317,both,GM,0.01,0.4259404204811674
334317,s1_2,Other,0.01,0.9467195476437265
334317,s1_3,Other,0.01,1.6649065457803802
334317,both,Other,0.01,1.1311389191181402
334317,s1_2,All,0.01,0.5839038700855008
334317,s1_3,All,0.01,0.9020826223251851
334317,both,All,0.01,0.6470989738384655
334317,s1_2,WM,0.015,0.41159098423856894
334317,s1_3,WM,0.015,0.326067947810215
334317,both,WM,0.015,0.3959250070144063
334317,s1_2,GM,0.015,0.5143627544641912
334317,s1_3,GM,0.015,0.5159692453256977
334317,both,GM,0.015,0.49037655569481825
334317,s1_2,Other,0.015,0.7529376923583008
334317,s1_3,Other,0.015,1.6654048465293891
334317,both,Other,0.015,0.6704056213965675
334317,s1_2,All,0.015,0.5503280135769288
334317,s1_3,All,0.015,0.9120296810234672
334317,both,All,0.015,0.5097697546985773
334317,s1_2,WM,0.02,0.5293982369869437
334317,s1_3,WM,0.02,0.41306106565537154
334317,both,WM,0.02,0.5034209781991551
334317,s1_2,GM,0.02,0.5686366538127096
334317,s1_3,GM,0.02,0.550342779671775
334317,both,GM,0.02,0.5703553195703083
334317,s1_2,Other,0.02,1.3877183743558181
334317,s1_3,Other,0.02,1.5693652256124044
334317,both,Other,0.02,0.5522685255115986
334317,s1_2,All,0.02,0.8414839194162302
334317,s1_3,All,0.02,0.8900976464542708
334317,both,All,0.02,0.5402656949516462
335692,s1_2,WM,0.0005,0.2861217270991837
335692,s1_3,WM,0.0005,0.2993197795273518
335692,both,WM,0.0005,0.49519311411826433
335692,s1_2,GM,0.0005,0.3541759958328777
335692,s1_3,GM,0.0005,0.5704105323944766
335692,both,GM,0.0005,0.6318020266513225
335692,s1_2,Other,0.0005,0.9491861599650842
335692,s1_3,Other,0.0005,2.5600484500955645
335692,both,Other,0.0005,2.4687709186223477
335692,s1_2,All,0.0005,0.5356678784732702
335692,s1_3,All,0.0005,1.2903944433489676
335692,both,All,0.0005,1.2834926880961586
335692,s1_2,WM,0.001,0.286078108973144
335692,s1_3,WM,0.001,0.30030732320480713
335692,both,WM,0.001,0.3535272152221769
335692,s1_2,GM,0.001,0.35492602136638574
335692,s1_3,GM,0.001,0.568230514910501
335692,both,GM,0.001,0.5742193778180328
335692,s1_2,Other,0.001,0.9704361711727888
335692,s1_3,Other,0.001,2.464864275797865
335692,both,Other,0.001,2.115770143164969
335692,s1_2,All,0.001,0.544512072199121
335692,s1_3,All,0.001,1.2468784684947334
335692,both,All,0.001,1.0971975507406755
335692,s1_2,WM,0.005,0.30828436823223276
335692,s1_3,WM,0.005,0.3027767111218927
335692,both,WM,0.005,0.275568236522217
335692,s1_2,GM,0.005,0.4085195158874983
335692,s1_3,GM,0.005,0.5322120711620564
335692,both,GM,0.005,0.4596925451277035
335692,s1_2,Other,0.005,1.1731898748270337
335692,s1_3,Other,0.005,1.5738146143749896
335692,both,Other,0.005,1.4797759544227223
335692,s1_2,All,0.005,0.6459937759058021
335692,s1_3,All,0.005,0.8453038281829987
335692,both,All,0.005,0.7837535774712995
335692,s1_2,WM,0.01,0.37567228170960154
335692,s1_3,WM,0.01,0.32774611129575776
335692,both,WM,0.01,0.3400306389216475
335692,s1_2,GM,0.01,0.4668710897543678
335692,s1_3,GM,0.01,0.5048831328020169
335692,both,GM,0.01,0.4275728756018684
335692,s1_2,Other,0.01,0.8914140618741012
335692,s1_3,Other,0.01,1.5494830226862586
335692,both,Other,0.01,1.0009876201080203
335692,s1_2,All,0.01,0.5669627336892523
335692,s1_3,All,0.01,0.8317143386221201
335692,both,All,0.01,0.5877877601888053
335692,s1_2,WM,0.015,0.4611850492230838
335692,s1_3,WM,0.015,0.3810179762750284
335692,both,WM,0.015,0.4399431852035923
335692,s1_2,GM,0.015,0.5142553629488056
335692,s1_3,GM,0.015,0.5264032019988136
335692,both,GM,0.015,0.5113782394808885
335692,s1_2,Other,0.015,0.7071531485210955
335692,s1_3,Other,0.015,1.5582046238946414
335692,both,Other,0.015,0.6115242170936628
335692,s1_2,All,0.015,0.5469218801082879
335692,s1_3,All,0.015,0.8490493175094709
335692,both,All,0.015,0.5117507874847609
335692,s1_2,WM,0.02,0.5688043720204106
335692,s1_3,WM,0.02,0.45935298594007434
335692,both,WM,0.02,0.5459670029173701
335692,s1_2,GM,0.02,0.5643836535432151
335692,s1_3,GM,0.02,0.5555058511764844
335692,both,GM,0.02,0.6028850971806017
335692,s1_2,Other,0.02,0.999143744594483
335692,s1_3,Other,0.02,1.433852791679838
335692,both,Other,0.02,0.5004285509478136
335692,s1_2,All,0.02,0.6900977894175596
335692,s1_3,All,0.02,0.8201785502196561
335692,both,All,0.02,0.5595681445617384
334424,s1_2,WM,0.0005,0.21962695769639987
334424,s1_3,WM,0.0005,0.2088829204886199
334424,both,WM,0.0005,0.43793065586964414
334424,s1_2,GM,0.0005,0.364195977257202
334424,s1_3,GM,0.0005,0.5812524425391025
334424,both,GM,0.0005,0.5871541899435793
334424,s1_2,Other,0.0005,1.0893740765266258
334424,s1_3,Other,0.0005,2.2755142570846427
334424,both,Other,0.0005,2.2160916532291264
334424,s1_2,All,0.0005,0.4735784262133266
334424,s1_3,All,0.0005,0.8953726559899525
334424,both,All,0.0005,0.9164310119689622
334424,s1_2,WM,0.001,0.2196155982277243
334424,s1_3,WM,0.001,0.20864764517640935
334424,both,WM,0.001,0.2597463367166027
334424,s1_2,GM,0.001,0.3659792366385029
334424,s1_3,GM,0.001,0.5815767104448863
334424,both,GM,0.001,0.5701410024351987
334424,s1_2,Other,0.001,1.109942645380614
334424,s1_3,Other,0.001,2.2347901823729504
334424,both,Other,0.001,2.0512952181156807
334424,s1_2,All,0.001,0.4800189177720243
334424,s1_3,All,0.001,0.8826376276043003
334424,both,All,0.001,0.8289764030510665
334424,s1_2,WM,0.005,0.23845078935621716
334424,s1_3,WM,0.005,0.2195848946596443
334424,both,WM,0.005,0.2019165929606866
334424,s1_2,GM,0.005,0.4221392666345967
334424,s1_3,GM,0.005,0.5470418775263903
334424,both,GM,0.005,0.4846996898886338
334424,s1_2,Other,0.005,1.3058296622099983
334424,s1_3,Other,0.005,1.671014536822657
334424,both,Other,0.005,1.5796350762564109
334424,s1_2,All,0.005,0.5580116413465941
334424,s1_3,All,0.005,0.7016140363310561
334424,both,All,0.005,0.6521913567342711
334424,s1_2,WM,0.01,0.30268948893679776
334424,s1_3,WM,0.01,0.25588599556744845
334424,both,WM,0.01,0.27269391161203976
334424,s1_2,GM,0.01,0.46216344248642405
334424,s1_3,GM,0.01,0.5117679612613462
334424,both,GM,0.01,0.40869070636303995
334424,s1_2,Other,0.01,1.0394653204804523
334424,s1_3,Other,0.01,1.618336497515985
334424,both,Other,0.01,1.1458975042493744
334424,s1_2,All,0.01,0.5144961699286974
334424,s1_3,All,0.01,0.6806407056876124
334424,both,All,0.01,0.5159889759936712
334424,s1_2,WM,0.015,0.39293393059903436
334424,s1_3,WM,0.015,0.31836057408874274
334424,both,WM,0.015,0.37139525311300825
334424,s1_2,GM,0.015,0.5002931697447071
334424,s1_3,GM,0.015,0.5284414574077817
334424,both,GM,0.015,0.46447089688007526
334424,s1_2,Other,0.015,0.8624890722105342
334424,s1_3,Other,0.015,1.6288737587214146
334424,both,Other,0.015,0.7337046495168731
334424,s1_2,All,0.015,0.5169068547829645
334424,s1_3,All,0.015,0.7008970155860742
334424,both,All,0.015,0.4688270436043447
334424,s1_2,WM,0.02,0.5172489664887241
334424,s1_3,WM,0.02,0.4078772041087988
334424,both,WM,0.02,0.4788589112937106
334424,s1_2,GM,0.02,0.5453558824803784
334424,s1_3,GM,0.02,0.5572873402433166
334424,both,GM,0.02,0.5463017790780101
334424,s1_2,Other,0.02,0.9817862262010848
334424,s1_3,Other,0.02,1.5308778582461087
334424,both,Other,0.02,0.5581375952479296
334424,s1_2,All,0.02,0.6051425242491482
334424,s1_3,All,0.02,0.7041892851390272
334424,both,All,0.02,0.5178450232065037
335586,s1_2,WM,0.0005,0.2623666672412554
335586,s1_3,WM,0.0005,0.24336887329229737
335586,both,WM,0.0005,0.6754160348681432
335586,s1_2,GM,0.0005,0.3057848190901635
335586,s1_3,GM,0.0005,0.5169609549695495
335586,both,GM,0.0005,0.7671439305374382
335586,s1_2,Other,0.0005,0.8501770884033769
335586,s1_3,Other,0.0005,2.0868981981138224
335586,both,Other,0.0005,2.1755493288337253
335586,s1_2,All,0.0005,0.40723511597852224
335586,s1_3,All,0.0005,0.8452691855829155
335586,both,All,0.0005,1.0388485249646098
335586,s1_2,WM,0.001,0.26235954731336897
335586,s1_3,WM,0.001,0.2432485411064579
335586,both,WM,0.001,0.4614763579146741
335586,s1_2,GM,0.001,0.3054250258263908
335586,s1_3,GM,0.001,0.5159302379789776
335586,both,GM,0.001,0.6262534962346447
335586,s1_2,Other,0.001,0.8645994028315601
335586,s1_3,Other,0.001,2.0087249010982826
335586,both,Other,0.001,1.8763184177446433
335586,s1_2,All,0.001,0.4111630350407676
335586,s1_3,All,0.001,0.8193162831415443
335586,both,All,0.001,0.8514367113165968
335586,s1_2,WM,0.005,0.28231592675708894
335586,s1_3,WM,0.005,0.25715522623517356
335586,both,WM,0.005,0.2383482826344125
335586,s1_2,GM,0.005,0.3236264464701346
335586,s1_3,GM,0.005,0.4809212718186407
335586,both,GM,0.005,0.4010195700214541
335586,s1_2,Other,0.005,1.1240347667767823
335586,s1_3,Other,0.005,1.5470175116692622
335586,both,Other,0.005,1.442051381265254
335586,s1_2,All,0.005,0.49759153035221426
335586,s1_3,All,0.005,0.6645745525511392
335586,both,All,0.005,0.6063890275249277
335586,s1_2,WM,0.01,0.34580718073749506
335586,s1_3,WM,0.01,0.29570894521443775
335586,both,WM,0.01,0.3141499156932724
335586,s1_2,GM,0.01,0.3942536480627412
335586,s1_3,GM,0.01,0.4352910085325504
335586,both,GM,0.01,0.343531005584467
335586,s1_2,Other,0.01,0.9971063257680087
335586,s1_3,Other,0.01,1.5107993965751298
335586,both,Other,0.01,1.022614396734542
335586,s1_2,All,0.01,0.5004416138385169
335586,s1_3,All,0.01,0.6485263375285136
335586,both,All,0.01,0.4824286409047663
335586,s1_2,WM,0.015,0.43481870873570205
335586,s1_3,WM,0.015,0.36151576593073675
335586,both,WM,0.015,0.41373892398097634
335586,s1_2,GM,0.015,0.474132872133176
335586,s1_3,GM,0.015,0.44769143387044025
335586,both,GM,0.015,0.42785011098525794
335586,s1_2,Other,0.015,0.8861065944949036
335586,s1_3,Other,0.015,1.5328017426938878
335586,both,Other,0.015,0.7351436112050512
335586,s1_2,All,0.015,0.5316822834342053
335586,s1_3,All,0.015,0.6740455443328544
335586,both,All,0.015,0.47449719244047744
335586,s1_2,WM,0.02,0.561208627248632
335586,s1_3,WM,0.02,0.4533722548243904
335586,both,WM,0.02,0.5220467837303008
335586,s1_2,GM,0.02,0.5617855290894067
335586,s1_3,GM,0.02,0.5046572739048674
335586,both,GM,0.02,0.5239831005885948
335586,s1_2,Other,0.02,0.8937059507905782
335586,s1_3,Other,0.02,1.442906269094269
335586,both,Other,0.02,0.6345537291433707
335586,s1_2,All,0.02,0.6162875037083586
335586,s1_3,All,0.02,0.6894876726409453
335586,both,All,0.02,0.5391698944218001
336672,s1_2,WM,0.0005,0.26279302914979524
336672,s1_3,WM,0.0005,0.24456995553983815
336672,both,WM,0.0005,0.45102535932165266
336672,s1_2,GM,0.0005,0.2771936784197239
336672,s1_3,GM,0.0005,0.4172923574527945
336672,both,GM,0.0005,0.47793591740755714
336672,s1_2,Other,0.0005,0.792711710783036
336672,s1_3,Other,0.0005,1.8173813402498984
336672,both,Other,0.0005,1.8205363743371081
336672,s1_2,All,0.0005,0.35419758890101993
336672,s1_3,All,0.0005,0.6460907207415084
336672,both,All,0.0005,0.7134526233450854
336672,s1_2,WM,0.001,0.26279306834043636
336672,s1_3,WM,0.001,0.244852611137433
336672,both,WM,0.001,0.27164099255669827
336672,s1_2,GM,0.001,0.2769309977675774
336672,s1_3,GM,0.001,0.41632655942845537
336672,both,GM,0.001,0.43802172274436213
336672,s1_2,Other,0.001,0.7996056136128001
336672,s1_3,Other,0.001,1.764433002274825
336672,both,Other,0.001,1.6432684053057793
336672,s1_2,All,0.001,0.35557112731377366
336672,s1_3,All,0.001,0.6318113901619234
336672,both,All,0.001,0.6121272554196161
336672,s1_2,WM,0.005,0.2847911128989285
336672,s1_3,WM,0.005,0.2611582349024512
336672,both,WM,0.005,0.24044981387753211
336672,s1_2,GM,0.005,0.2957507290683938
336672,s1_3,GM,0.005,0.39372546150595483
336672,both,GM,0.005,0.3383021453393248
336672,s1_2,Other,0.005,0.9817709204154457
336672,s1_3,Other,0.005,1.45401846251614
336672,both,Other,0.005,1.2966840590363946
336672,s1_2,All,0.005,0.4092651504629505
336672,s1_3,All,0.005,0.5480129567927812
336672,both,All,0.005,0.48640083342493906
336672,s1_2,WM,0.01,0.35258537187516253
336672,s1_3,WM,0.01,0.3038588942315358
336672,both,WM,0.01,0.3221087230758548
336672,s1_2,GM,0.01,0.35367202600405834
336672,s1_3,GM,0.01,0.362652254808741
336672,both,GM,0.01,0.32081594678328584
336672,s1_2,Other,0.01,0.9842871109558602
336672,s1_3,Other,0.01,1.4210240134759877
336672,both,Other,0.01,0.9978232318520835
336672,s1_2,All,0.01,0.4523387385326795
336672,s1_3,All,0.01,0.5404687327432602
336672,both,All,0.01,0.43339077748470645
336672,s1_2,WM,0.015,0.4453437023045041
336672,s1_3,WM,0.015,0.37481020725735914
336672,both,WM,0.015,0.42284567763432945
336672,s1_2,GM,0.015,0.4276688598810003
336672,s1_3,GM,0.015,0.3761227008486431
336672,both,GM,0.015,0.4213030816814384
336672,s1_2,Other,0.015,0.9436791439794378
336672,s1_3,Other,0.015,1.4456490959204424
336672,both,Other,0.015,0.8083039759024806
336672,s1_2,All,0.015,0.5069898669341623
336672,s1_3,All,0.015,0.5705102490036837
336672,both,All,0.015,0.47238912616368783
336672,s1_2,WM,0.02,0.575970463304548
336672,s1_3,WM,0.02,0.47054984820052287
336672,both,WM,0.02,0.532789609814329
336672,s1_2,GM,0.02,0.5060853453188421
336672,s1_3,GM,0.02,0.4238708767107839
336672,both,GM,0.02,0.5259444179146243
336672,s1_2,Other,0.02,0.92842718046591
336672,s1_3,Other,0.02,1.3914371210724483
336672,both,Other,0.02,0.7578740470497722
336672,s1_2,All,0.02,0.5903266983397727
336672,s1_3,All,0.02,0.6043874704423816
336672,both,All,0.02,0.5551238522053837
335450,s1_2,WM,0.0005,0.3334235336961428
335450,s1_3,WM,0.0005,0.3223133288338356
335450,both,WM,0.0005,0.4507036774046807
335450,s1_2,GM,0.0005,0.3449775309279439
335450,s1_3,GM,0.0005,0.46559851261273333
335450,both,GM,0.0005,0.5080935633762487
335450,s1_2,Other,0.0005,0.8821976574650089
335450,s1_3,Other,0.0005,2.117562785301918
335450,both,Other,0.0005,1.9846964302603214
335450,s1_2,All,0.0005,0.47595032236594614
335450,s1_3,All,0.0005,0.9389974875474353
335450,both,All,0.0005,0.9234992232206193
335450,s1_2,WM,0.001,0.3334131806664294
335450,s1_3,WM,0.001,0.32220794708226597
335450,both,WM,0.001,0.3181930152336981
335450,s1_2,GM,0.001,0.3449720503502927
335450,s1_3,GM,0.001,0.4665186172826923
335450,both,GM,0.001,0.4552337592552032
335450,s1_2,Other,0.001,0.8978070692380272
335450,s1_3,Other,0.001,1.9778151580840788
335450,both,Other,0.001,1.6968305429441297
335450,s1_2,All,0.001,0.48085369531429706
335450,s1_3,All,0.001,0.8861332480558077
335450,both,All,0.001,0.7784450864294961
335450,s1_2,WM,0.005,0.35486212741906137
335450,s1_3,WM,0.005,0.33850664209532016
335450,both,WM,0.005,0.31733933390642466
335450,s1_2,GM,0.005,0.38232894984516946
335450,s1_3,GM,0.005,0.4491507091963309
335450,both,GM,0.005,0.3886627605217875
335450,s1_2,Other,0.005,1.2206612755355009
335450,s1_3,Other,0.005,1.6316968251008919
335450,both,Other,0.005,1.4704093856307037
335450,s1_2,All,0.005,0.6026697742013066
335450,s1_3,All,0.005,0.7577354103924949
335450,both,All,0.005,0.6825279181957976
335450,s1_2,WM,0.01,0.42164295985665823
335450,s1_3,WM,0.01,0.38001008866135644
335450,both,WM,0.01,0.3957395763631291
335450,s1_2,GM,0.01,0.45167946632950523
335450,s1_3,GM,0.01,0.43910163537628
335450,both,GM,0.01,0.413065671767381
335450,s1_2,Other,0.01,1.0322045439955796
335450,s1_3,Other,0.01,1.6067864939607737
335450,both,Other,0.01,1.0365380489455156
335450,s1_2,All,0.01,0.580109007767195
335450,s1_3,All,0.01,0.7566008381342921
335450,both,All,0.01,0.5624867024429306
335450,s1_2,WM,0.015,0.5133610567012904
335450,s1_3,WM,0.015,0.45161333124157965
335450,both,WM,0.015,0.4920368701120785
335450,s1_2,GM,0.015,0.5239454036310566
335450,s1_3,GM,0.015,0.4721900340153194
335450,both,GM,0.015,0.5146378857007354
335450,s1_2,Other,0.015,0.8915393083082386
335450,s1_3,Other,0.015,1.6173861710438762
335450,both,Other,0.015,0.7482840291805978
335450,s1_2,All,0.015,0.5974836463392903
335450,s1_3,All,0.015,0.7860948996624696
335450,both,All,0.015,0.5507937431310934
335450,s1_2,WM,0.02,0.6459052462874482
335450,s1_3,WM,0.02,0.5503331944467997
335450,both,WM,0.02,0.6037633156946484
335450,s1_2,GM,0.02,0.5920784723756318
335450,s1_3,GM,0.02,0.5258196714042517
335450,both,GM,0.02,0.6210215069041697
335450,s1_2,Other,0.02,0.8560967862600773
335450,s1_3,Other,0.02,1.4857320880589628
335450,both,Other,0.02,0.6403594580344855
335450,s1_2,All,0.02,0.6696516424674259
335450,s1_3,All,0.02,0.7848683108625205
335450,both,All,0.02,0.6158271148635917
335740,s1_2,WM,0.0005,0.25253439011177337
335740,s1_3,WM,0.0005,0.22873191057280695
335740,both,WM,0.0005,0.5948511105819195
335740,s1_2,GM,0.0005,0.2999541243517605
335740,s1_3,GM,0.0005,0.5010754894100051
335740,both,GM,0.0005,0.6174629975265652
335740,s1_2,Other,0.0005,0.8050355096800256
335740,s1_3,Other,0.0005,1.7364885910628365
335740,both,Other,0.0005,1.760683317502354
335740,s1_2,All,0.0005,0.3742599942611779
335740,s1_3,All,0.0005,0.6826651375279924
335740,both,All,0.0005,0.8206691983438044
335740,s1_2,WM,0.001,0.25253127635481226
335740,s1_3,WM,0.001,0.22867220529596866
335740,both,WM,0.001,0.37901637447486825
335740,s1_2,GM,0.001,0.299398262388995
335740,s1_3,GM,0.001,0.49957576388247277
335740,both,GM,0.001,0.5608395137690345
335740,s1_2,Other,0.001,0.8138248002936264
335740,s1_3,Other,0.001,1.7174517843821233
335740,both,Other,0.001,1.6713215050695882
335740,s1_2,All,0.001,0.3762083217958544
335740,s1_3,All,0.001,0.676772965437448
335740,both,All,0.001,0.71471811008719
335740,s1_2,WM,0.005,0.27184840117131287
335740,s1_3,WM,0.005,0.24098948672007245
335740,both,WM,0.005,0.22516574705870424
335740,s1_2,GM,0.005,0.31195127566173037
335740,s1_3,GM,0.005,0.4676725541833602
335740,both,GM,0.005,0.4010705137386951
335740,s1_2,Other,0.005,1.028163575614194
335740,s1_3,Other,0.005,1.5869169426582883
335740,both,Other,0.005,1.4252267896591848
335740,s1_2,All,0.005,0.4403158052196545
335740,s1_3,All,0.005,0.6322945041685449
335740,both,All,0.005,0.5639162338604492
335740,s1_2,WM,0.01,0.33541769694748474
335740,s1_3,WM,0.01,0.278553413008464
335740,both,WM,0.01,0.2991086285540129
335740,s1_2,GM,0.01,0.37538988071308327
335740,s1_3,GM,0.01,0.41937405346022266
335740,both,GM,0.01,0.3250869516702175
335740,s1_2,Other,0.01,1.0429599757051604
335740,s1_3,Other,0.01,1.533599657895133
335740,both,Other,0.01,1.0665716199550557
335740,s1_2,All,0.01,0.4833439959869961
335740,s1_3,All,0.01,0.6107902064225282
335740,both,All,0.01,0.46239045165315457
335740,s1_2,WM,0.015,0.4242036227892881
335740,s1_3,WM,0.015,0.34147380279423006
335740,both,WM,0.015,0.39897179899778595
335740,s1_2,GM,0.015,0.46315698140638717
335740,s1_3,GM,0.015,0.4241566831501228
335740,both,GM,0.015,0.39230821226756624
335740,s1_2,Other,0.015,0.9889791316296496
335740,s1_3,Other,0.015,1.5621716051673045
335740,both,Other,0.015,0.8035513156752706
335740,s1_2,All,0.015,0.5326062369825918
335740,s1_3,All,0.015,0.6351406493754185
335740,both,All,0.015,0.4600960851378928
335740,s1_2,WM,0.02,0.5477868140312079
335740,s1_3,WM,0.02,0.43100007400794255
335740,both,WM,0.02,0.5052136523249523
335740,s1_2,GM,0.02,0.5559319430864328
335740,s1_3,GM,0.02,0.47903204645449243
335740,both,GM,0.02,0.48667180040760244
335740,s1_2,Other,0.02,0.9394521973788861
335740,s1_3,Other,0.02,1.5044260576275141
335740,both,Other,0.02,0.6673075604170752
335740,s1_2,All,0.02,0.6075889943233214
335740,s1_3,All,0.02,0.6610055270184307
335740,both,All,0.02,0.5187591298271378
335293,s1_2,WM,0.0005,0.5122547645370122
335293,s1_3,WM,0.0005,0.4927652609259804
335293,both,WM,0.0005,0.6713794213778564
335293,s1_2,GM,0.0005,0.31740570415058156
335293,s1_3,GM,0.0005,0.499249387342802
335293,both,GM,0.0005,0.5224098943287248
335293,s1_2,Other,0.0005,1.0093133608945881
335293,s1_3,Other,0.0005,2.073574299955628
335293,both,Other,0.0005,1.9617940938668168
335293,s1_2,All,0.0005,0.5321549989595171
335293,s1_3,All,0.0005,0.8568855332211882
335293,both,All,0.0005,0.8846837705446379
335293,s1_2,WM,0.001,0.5122579874532119
335293,s1_3,WM,0.001,0.4927162363255193
335293,both,WM,0.001,0.5356512826358591
335293,s1_2,GM,0.001,0.31779989953540533
335293,s1_3,GM,0.001,0.49556799677437785
335293,both,GM,0.001,0.4947962864007687
335293,s1_2,Other,0.001,1.027092916227874
335293,s1_3,Other,0.001,2.0016436605889973
335293,both,Other,0.001,1.730350123204175
335293,s1_2,All,0.001,0.536339669741197
335293,s1_3,All,0.001,0.8350638896248425
335293,both,All,0.001,0.7711568851245081
335293,s1_2,WM,0.005,0.5308046479072723
335293,s1_3,WM,0.005,0.5079636733371574
335293,both,WM,0.005,0.5010659079819245
335293,s1_2,GM,0.005,0.3548699985168985
335293,s1_3,GM,0.005,0.4659797154969346
335293,both,GM,0.005,0.4078887660680644
335293,s1_2,Other,0.005,1.2048659636653856
335293,s1_3,Other,0.005,1.5251927592944543
335293,both,Other,0.005,1.431214906632282
335293,s1_2,All,0.005,0.5957331284295356
335293,s1_3,All,0.005,0.6995341100847772
335293,both,All,0.005,0.6562851017029765
335293,s1_2,WM,0.01,0.5976909257450592
335293,s1_3,WM,0.01,0.5584437317571652
335293,both,WM,0.01,0.5708006555623237
335293,s1_2,GM,0.01,0.41336249802748687
335293,s1_3,GM,0.01,0.4331311992808532
335293,both,GM,0.01,0.36352571111826526
335293,s1_2,Other,0.01,1.0051927103880764
335293,s1_3,Other,0.01,1.4890439327969067
335293,both,Other,0.01,1.0267496352699308
335293,s1_2,All,0.01,0.5956934906647658
335293,s1_3,All,0.01,0.6980784456432868
335293,both,All,0.01,0.5738610973447378
335293,s1_2,WM,0.015,0.6735574916162845
335293,s1_3,WM,0.015,0.6207712994387222
335293,both,WM,0.015,0.6503343481623575
335293,s1_2,GM,0.015,0.478399127898537
335293,s1_3,GM,0.015,0.4515408977131078
335293,both,GM,0.015,0.44155979833538
335293,s1_2,Other,0.015,0.8781427117280661
335293,s1_3,Other,0.015,1.505412846738353
335293,both,Other,0.015,0.7307306696763952
335293,s1_2,All,0.015,0.6278033849109022
335293,s1_3,All,0.015,0.7300544258162145
335293,both,All,0.015,0.5806558115014716
335293,s1_2,WM,0.02,0.7777780933621571
335293,s1_3,WM,0.02,0.6995739578236583
335293,both,WM,0.02,0.7388977365560712
335293,s1_2,GM,0.02,0.5497728105352919
335293,s1_3,GM,0.02,0.49762635641106134
335293,both,GM,0.02,0.5366678847649698
335293,s1_2,Other,0.02,1.006795871272125
335293,s1_3,Other,0.02,1.417209580314959
335293,both,Other,0.02,0.6362085383058047
335293,s1_2,All,0.02,0.722852669606765
335293,s1_3,All,0.02,0.7531379698934514
335293,both,All,0.02,0.6455755470358
336418,s1_2,WM,0.0005,0.29974383851256237
336418,s1_3,WM,0.0005,0.27573487575128136
336418,both,WM,0.0005,0.48143976818549566
336418,s1_2,GM,0.0005,0.3109479949036731
336418,s1_3,GM,0.0005,0.4732514154052797
336418,both,GM,0.0005,0.5422498163526532
336418,s1_2,Other,0.0005,0.7685639330373166
336418,s1_3,Other,0.0005,2.2151028046134003
336418,both,Other,0.0005,2.120938482366907
336418,s1_2,All,0.0005,0.4098485246292479
336418,s1_3,All,0.0005,0.928567988505776
336418,both,All,0.0005,0.9481207040549969
336418,s1_2,WM,0.001,0.29974383851256237
336418,s1_3,WM,0.001,0.2756814749892303
336418,both,WM,0.001,0.302978284193765
336418,s1_2,GM,0.001,0.31094668023684113
336418,s1_3,GM,0.001,0.4721174800971362
336418,both,GM,0.001,0.4727355505179278
336418,s1_2,Other,0.001,0.78417115297044
336418,s1_3,Other,0.001,2.0909823813606088
336418,both,Other,0.001,1.8526601602795807
336418,s1_2,All,0.001,0.41427521520711325
336418,s1_3,All,0.001,0.8839298307797147
336418,both,All,0.001,0.8044817591817739
336418,s1_2,WM,0.005,0.32161241088993026
336418,s1_3,WM,0.005,0.29394044516430423
336418,both,WM,0.005,0.27386177150491414
336418,s1_2,GM,0.005,0.34439566738144056
336418,s1_3,GM,0.005,0.44289437204936716
336418,both,GM,0.005,0.37068012780235754
336418,s1_2,Other,0.005,1.0654714776825196
336418,s1_3,Other,0.005,1.515333662955144
336418,both,Other,0.005,1.3739817531377516
336418,s1_2,All,0.005,0.5146060869404965
336418,s1_3,All,0.005,0.6803136234964016
336418,both,All,0.005,0.6105644948194833
336418,s1_2,WM,0.01,0.38910732261034314
336418,s1_3,WM,0.01,0.3374350304647486
336418,both,WM,0.01,0.3568184631665937
336418,s1_2,GM,0.01,0.41877743995937067
336418,s1_3,GM,0.01,0.41963203991631687
336418,both,GM,0.01,0.3774370622642863
336418,s1_2,Other,0.01,0.9017119870538198
336418,s1_3,Other,0.01,1.4835818311534423
336418,both,Other,0.01,0.9631033563602528
336418,s1_2,All,0.01,0.5104629571411703
336418,s1_3,All,0.01,0.6729651153015196
336418,both,All,0.01,0.5038161558262367
336418,s1_2,WM,0.015,0.48172987592706634
336418,s1_3,WM,0.015,0.41167875605725013
336418,both,WM,0.015,0.45580171499990824
336418,s1_2,GM,0.015,0.48627171509036166
336418,s1_3,GM,0.015,0.4476885497805819
336418,both,GM,0.015,0.48296126742327883
336418,s1_2,Other,0.015,0.7641665469781436
336418,s1_3,Other,0.015,1.4984089209187632
336418,both,Other,0.015,0.6619041968313503
336418,s1_2,All,0.015,0.5355303620412032
336418,s1_3,All,0.015,0.7030776181977867
336418,both,All,0.015,0.5025886410125469
336418,s1_2,WM,0.02,0.6178914433520287
336418,s1_3,WM,0.02,0.5134948501141678
336418,both,WM,0.02,0.570034541794065
336418,s1_2,GM,0.02,0.5517235093924893
336418,s1_3,GM,0.02,0.4966228927140473
336418,both,GM,0.02,0.5874019693332803
336418,s1_2,Other,0.02,0.7751785663041463
336418,s1_3,Other,0.02,1.3801138270134536
336418,both,Other,0.02,0.57503477891964
336418,s1_2,All,0.02,0.6196309295959405
336418,s1_3,All,0.02,0.7098933397266879
336418,both,All,0.02,0.5777634212368626
336945,s1_2,WM,0.0005,0.2570009504430234
336945,s1_3,WM,0.0005,0.23629746631036452
336945,both,WM,0.0005,0.47306033074323
336945,s1_2,GM,0.0005,0.2862971422082963
336945,s1_3,GM,0.0005,0.4682685278747656
336945,both,GM,0.0005,0.5410840010940818
336945,s1_2,Other,0.0005,0.7044753716638259
336945,s1_3,Other,0.0005,2.0236944360303535
336945,both,Other,0.0005,2.1166830644044494
336945,s1_2,All,0.0005,0.3318495079712312
336945,s1_3,All,0.0005,0.689408523860998
336945,both,All,0.0005,0.7900974925646195
336945,s1_2,WM,0.001,0.25699803505404
336945,s1_3,WM,0.001,0.2362426487714882
336945,both,WM,0.001,0.28873301181349426
336945,s1_2,GM,0.001,0.28603748983079313
336945,s1_3,GM,0.001,0.4662462591640396
336945,both,GM,0.001,0.4788857423600263
336945,s1_2,Other,0.001,0.7142830530751977
336945,s1_3,Other,0.001,1.9552232222234585
336945,both,Other,0.001,1.9264862613783387
336945,s1_2,All,0.001,0.33358957227236563
336945,s1_3,All,0.001,0.6713081653733793
336945,both,All,0.001,0.6780503046286429
336945,s1_2,WM,0.005,0.2765151582856758
336945,s1_3,WM,0.005,0.2505096555138528
336945,both,WM,0.005,0.23389273191071433
336945,s1_2,GM,0.005,0.3032497778998766
336945,s1_3,GM,0.005,0.4394968290042272
336945,both,GM,0.005,0.36397135382485923
336945,s1_2,Other,0.005,0.9224955101202129
336945,s1_3,Other,0.005,1.4644872441067867
336945,both,Other,0.005,1.3155161665086947
336945,s1_2,All,0.005,0.38796419438333546
336945,s1_3,All,0.005,0.545440829980585
336945,both,All,0.005,0.4824207592288468
336945,s1_2,WM,0.01,0.3392275351767789
336945,s1_3,WM,0.01,0.2893203131119406
336945,both,WM,0.01,0.3081725306535145
336945,s1_2,GM,0.01,0.3649945216819097
336945,s1_3,GM,0.01,0.40351541972672245
336945,both,GM,0.01,0.32713114029908275
336945,s1_2,Other,0.01,0.8790514307033376
336945,s1_3,Other,0.01,1.4283817193133332
336945,both,Other,0.01,0.9452307501942661
336945,s1_2,All,0.01,0.42421733565529873
336945,s1_3,All,0.01,0.5355850915696749
336945,both,All,0.01,0.41198755228778716
336945,s1_2,WM,0.015,0.42799650129066386
336945,s1_3,WM,0.015,0.3554911786116753
336945,both,WM,0.015,0.4044637767227307
336945,s1_2,GM,0.015,0.43874317945045754
336945,s1_3,GM,0.015,0.41668634308478875
336945,both,GM,0.015,0.41512983071922
336945,s1_2,Other,0.015,0.8032894668346869
336945,s1_3,Other,0.015,1.4484594840907563
336945,both,Other,0.015,0.6913374050205993
336945,s1_2,All,0.015,0.47685429602757196
336945,s1_3,All,0.015,0.5639375681851339
336945,both,All,0.015,0.4411724599368433
336945,s1_2,WM,0.02,0.5563383111906988
336945,s1_3,WM,0.02,0.44754921407797715
336945,both,WM,0.02,0.5109065059898658
336945,s1_2,GM,0.02,0.5155892399288912
336945,s1_3,GM,0.02,0.462519334807674
336945,both,GM,0.02,0.5148166975488275
336945,s1_2,Other,0.02,0.7987564212797467
336945,s1_3,Other,0.02,1.3590588512177286
336945,both,Other,0.02,0.6228360726188394
336945,s1_2,All,0.02,0.5663129794796402
336945,s1_3,All,0.02,0.5915872930563234
336945,both,All,0.02,0.5232115790010416
334264,s1_2,WM,0.0005,0.2880464465766155
334264,s1_3,WM,0.0005,0.2733154777526347
334264,both,WM,0.0005,0.5576451184588714
334264,s1_2,GM,0.0005,0.4030602847093999
334264,s1_3,GM,0.0005,0.5855162391150753
334264,both,GM,0.0005,0.6243121484467886
334264,s1_2,Other,0.0005,1.0959227258361066
334264,s1_3,Other,0.0005,2.1512399396088675
334264,both,Other,0.0005,2.0179099656677084
334264,s1_2,All,0.0005,0.5002862523886124
334264,s1_3,All,0.0005,0.8558854843235518
334264,both,All,0.0005,0.8910470009827685
334264,s1_2,WM,0.001,0.28806563359983267
334264,s1_3,WM,0.001,0.27320247122079727
334264,both,WM,0.001,0.3509147225251082
334264,s1_2,GM,0.001,0.40407286508607926
334264,s1_3,GM,0.001,0.5874611876215727
334264,both,GM,0.001,0.5906860674860759
334264,s1_2,Other,0.001,1.1138809817625
334264,s1_3,Other,0.001,2.0547585586765145
334264,both,Other,0.001,1.8194892279452513
334264,s1_2,All,0.001,0.5053530971917041
334264,s1_3,All,0.001,0.8276243400302643
334264,both,All,0.001,0.7744487496989939
334264,s1_2,WM,0.005,0.30882004494171567
334264,s1_3,WM,0.005,0.28803631868224344
334264,both,WM,0.005,0.26900060962161004
334264,s1_2,GM,0.005,0.45203940275037136
334264,s1_3,GM,0.005,0.5618233705153278
334264,both,GM,0.005,0.5030051055513681
334264,s1_2,Other,0.005,1.342850821916244
334264,s1_3,Other,0.005,1.7091832221312069
334264,both,Other,0.005,1.590523158447089
334264,s1_2,All,0.005,0.5879441290797002
334264,s1_3,All,0.005,0.7216569322202724
334264,both,All,0.005,0.6652970690557539
334264,s1_2,WM,0.01,0.37395571220189877
334264,s1_3,WM,0.01,0.3274205716047361
334264,both,WM,0.01,0.3435913539470852
334264,s1_2,GM,0.01,0.49804151378837386
334264,s1_3,GM,0.01,0.5331008539078276
334264,both,GM,0.01,0.4491052557853235
334264,s1_2,Other,0.01,1.1217927725068388
334264,s1_3,Other,0.01,1.6799583556642501
334264,both,Other,0.01,1.1859932095014114
334264,s1_2,All,0.01,0.5651307452953911
334264,s1_3,All,0.01,0.7118408062223145
334264,both,All,0.01,0.5545328574243777
334264,s1_2,WM,0.015,0.4638495565997753
334264,s1_3,WM,0.015,0.3954648288786298
334264,both,WM,0.015,0.4404392434671062
334264,s1_2,GM,0.015,0.5458134874146381
334264,s1_3,GM,0.015,0.5529859333461323
334264,both,GM,0.015,0.5032003940492411
334264,s1_2,Other,0.015,0.9733511112624701
334264,s1_3,Other,0.015,1.6888169261788426
334264,both,Other,0.015,0.8623353436908013
334264,s1_2,All,0.015,0.5811447056521987
334264,s1_3,All,0.015,0.73614814012736
334264,both,All,0.015,0.5336346503287118
334264,s1_2,WM,0.02,0.5931510544517992
334264,s1_3,WM,0.02,0.49045607964594806
334264,both,WM,0.02,0.5495522898802061
334264,s1_2,GM,0.02,0.5998340758641435
334264,s1_3,GM,0.02,0.5884004693452731
334264,both,GM,0.02,0.5842280314921358
334264,s1_2,Other,0.02,0.9814491442522462
334264,s1_3,Other,0.02,1.5769980883706882
334264,both,Other,0.02,0.7285377900837011
334264,s1_2,All,0.02,0.654446475879038
334264,s1_3,All,0.02,0.74420285770397
334264,both,All,0.02,0.5882157248037977
336117,s1_2,WM,0.0005,0.26789788915900153
336117,s1_3,WM,0.0005,0.24482718984451068
336117,both,WM,0.0005,0.6033600222660122
336117,s1_2,GM,0.0005,0.31113551145591867
336117,s1_3,GM,0.0005,0.5475878847542418
336117,both,GM,0.0005,0.6292693501421165
336117,s1_2,Other,0.0005,0.8433471576937681
336117,s1_3,Other,0.0005,2.217456705280655
336117,both,Other,0.0005,2.2155553112788113
336117,s1_2,All,0.0005,0.3909021067753363
336117,s1_3,All,0.0005,0.8345623685804268
336117,both,All,0.0005,0.9371332774308022
336117,s1_2,WM,0.001,0.2678923788973607
336117,s1_3,WM,0.001,0.244613479770318
336117,both,WM,0.001,0.37395331571805107
336117,s1_2,GM,0.001,0.31107039713848367
336117,s1_3,GM,0.001,0.5441521985495327
336117,both,GM,0.001,0.5649478265033601
336117,s1_2,Other,0.001,0.8571484466469035
336117,s1_3,Other,0.001,2.1726547041525714
336117,both,Other,0.001,2.086198052422262
336117,s1_2,All,0.001,0.3941718687540842
336117,s1_3,All,0.001,0.8204821988881308
336117,both,All,0.001,0.8244630185053237
336117,s1_2,WM,0.005,0.28936525293897075
336117,s1_3,WM,0.005,0.2592193827957263
336117,both,WM,0.005,0.23861393336499936
336117,s1_2,GM,0.005,0.3424258827369586
336117,s1_3,GM,0.005,0.5091875390683471
336117,both,GM,0.005,0.4276931324865755
336117,s1_2,Other,0.005,1.1337238509341199
336117,s1_3,Other,0.005,1.7163988975184035
336117,both,Other,0.005,1.5907865700408501
336117,s1_2,All,0.005,0.47988017433829433
336117,s1_3,All,0.005,0.6823283866077376
336117,both,All,0.005,0.6186510862251183
336117,s1_2,WM,0.01,0.3565253282777319
336117,s1_3,WM,0.01,0.300928211004992
336117,both,WM,0.01,0.31941879324453265
336117,s1_2,GM,0.01,0.4131537776922876
336117,s1_3,GM,0.01,0.46535127655291103
336117,both,GM,0.01,0.3575697925750667
336117,s1_2,Other,0.01,1.025201986950642
336117,s1_3,Other,0.01,1.679314220433782
336117,both,Other,0.01,1.1806908599864945
336117,s1_2,All,0.01,0.49732107984769747
336117,s1_3,All,0.01,0.6667406236901415
336117,both,All,0.01,0.5052588891778848
336117,s1_2,WM,0.015,0.44876044675297927
336117,s1_3,WM,0.015,0.3684315965576273
336117,both,WM,0.015,0.4214709138302909
336117,s1_2,GM,0.015,0.47993814112012356
336117,s1_3,GM,0.015,0.479746445132465
336117,both,GM,0.015,0.4296439639933593
336117,s1_2,Other,0.015,0.8985754569174732
336117,s1_3,Other,0.015,1.6935582790120907
336117,both,Other,0.015,0.7964272066217921
336117,s1_2,All,0.015,0.5295254277319821
336117,s1_3,All,0.015,0.690425983552366
336117,both,All,0.015,0.48050818161701525
336117,s1_2,WM,0.02,0.5775977299572779
336117,s1_3,WM,0.02,0.4620534089394243
336117,both,WM,0.02,0.5300089323539414
336117,s1_2,GM,0.02,0.5558094171659853
336117,s1_3,GM,0.02,0.5233635562071515
336117,both,GM,0.02,0.5202032686691767
336117,s1_2,Other,0.02,0.8688013246058778
336117,s1_3,Other,0.02,1.587732671368382
336117,both,Other,0.02,0.6185554864952906
336117,s1_2,All,0.02,0.6079294701211567
336117,s1_3,All,0.02,0.7023116802661559
336117,both,All,0.02,0.5364315791894381
335574,s1_2,WM,0.0005,0.32069290008614026
335574,s1_3,WM,0.0005,0.3053511915473308
335574,both,WM,0.0005,0.542317771699853
335574,s1_2,GM,0.0005,0.36045169684373873
335574,s1_3,GM,0.0005,0.5688383868968804
335574,both,GM,0.0005,0.7070493480147672
335574,s1_2,Other,0.0005,0.8576962750385242
335574,s1_3,Other,0.0005,2.2264340986954236
335574,both,Other,0.0005,2.255030438970353
335574,s1_2,All,0.0005,0.47611399750879735
335574,s1_3,All,0.0005,1.0263825864509148
335574,both,All,0.0005,1.1099650389477973
335574,s1_2,WM,0.001,0.3206865696430685
335574,s1_3,WM,0.001,0.30525454936483076
335574,both,WM,0.001,0.3733795883660322
335574,s1_2,GM,0.001,0.3605815785345386
335574,s1_3,GM,0.001,0.5693255525513647
335574,both,GM,0.001,0.6258026877081897
335574,s1_2,Other,0.001,0.8719816099380266
335574,s1_3,Other,0.001,2.1254549775182094
335574,both,Other,0.001,1.961617462745662
335574,s1_2,All,0.001,0.48078565526465716
335574,s1_3,All,0.001,0.9872871816243269
335574,both,All,0.001,0.948920502908239
335574,s1_2,WM,0.005,0.3409667167073979
335574,s1_3,WM,0.005,0.31848118742295284
335574,both,WM,0.005,0.3018872361874625
335574,s1_2,GM,0.005,0.39674367834491037
335574,s1_3,GM,0.005,0.5355960281565343
335574,both,GM,0.005,0.45367148710466093
335574,s1_2,Other,0.005,1.1020089771853707
335574,s1_3,Other,0.005,1.555234071131293
335574,both,Other,0.005,1.4136772087913578
335574,s1_2,All,0.005,0.5735555270256788
335574,s1_3,All,0.005,0.766467163954492
335574,both,All,0.005,0.6905624826115148
335574,s1_2,WM,0.01,0.40424039178995325
335574,s1_3,WM,0.01,0.3554554018933454
335574,both,WM,0.01,0.3763924951627227
335574,s1_2,GM,0.01,0.46945592618631654
335574,s1_3,GM,0.01,0.5025160456956934
335574,both,GM,0.01,0.41956014966494537
335574,s1_2,Other,0.01,0.9527312223245126
335574,s1_3,Other,0.01,1.5195619652603651
335574,both,Other,0.01,1.0449309506696354
335574,s1_2,All,0.01,0.5643988775306299
335574,s1_3,All,0.01,0.7522432420968355
335574,both,All,0.01,0.5703083157813704
335574,s1_2,WM,0.015,0.4920774357704713
335574,s1_3,WM,0.015,0.42057698391450427
335574,both,WM,0.015,0.47451102567444564
335574,s1_2,GM,0.015,0.5380307909126351
335574,s1_3,GM,0.015,0.5254246116197085
335574,both,GM,0.015,0.4989786064970266
335574,s1_2,Other,0.015,0.8310608308414488
335574,s1_3,Other,0.015,1.5334472120214642
335574,both,Other,0.015,0.7887897412711582
335574,s1_2,All,0.015,0.5835508223123901
335574,s1_3,All,0.015,0.7776662725575946
335574,both,All,0.015,0.5526622146937916
335574,s1_2,WM,0.02,0.6163037033241688
335574,s1_3,WM,0.02,0.5135428051423868
335574,both,WM,0.02,0.5842250358351267
335574,s1_2,GM,0.02,0.6018151555991125
335574,s1_3,GM,0.02,0.5747652326252056
335574,both,GM,0.02,0.5921729163409419
335574,s1_2,Other,0.02,0.8656935347770898
335574,s1_3,Other,0.02,1.4296851373548278
335574,both,Other,0.02,0.7129469679377279
335574,s1_2,All,0.02,0.6629770740303186
335574,s1_3,All,0.02,0.7800801269878843
335574,both,All,0.02,0.6122316252841514
336954,s1_2,WM,0.0005,0.2740524376283626
336954,s1_3,WM,0.0005,0.25317544613119564
336954,both,WM,0.0005,0.5309653248739056
336954,s1_2,GM,0.0005,0.33137284673456474
336954,s1_3,GM,0.0005,0.5856381514738936
336954,both,GM,0.0005,0.7110241410904977
336954,s1_2,Other,0.0005,0.8671528048515353
336954,s1_3,Other,0.0005,2.356871068702308
336954,both,Other,0.0005,2.347731213238529
336954,s1_2,All,0.0005,0.4354454663936702
336954,s1_3,All,0.0005,0.9960240890182183
336954,both,All,0.0005,1.0727433080247213
336954,s1_2,WM,0.001,0.27404768107718647
336954,s1_3,WM,0.001,0.25322027491819254
336954,both,WM,0.001,0.3391436101604754
336954,s1_2,GM,0.001,0.3316238491949435
336954,s1_3,GM,0.001,0.5858040848756843
336954,both,GM,0.001,0.6227901894948459
336954,s1_2,Other,0.001,0.8834377654365357
336954,s1_3,Other,0.001,2.285506986955231
336954,both,Other,0.001,2.123614332692888
336954,s1_2,All,0.001,0.4404212215908044
336954,s1_3,All,0.001,0.9706574723624585
336954,both,All,0.001,0.9356913384578475
336954,s1_2,WM,0.005,0.29457560599140725
336954,s1_3,WM,0.005,0.26877230389251977
336954,both,WM,0.005,0.24975581717581227
336954,s1_2,GM,0.005,0.37579721008037054
336954,s1_3,GM,0.005,0.5502178679058369
336954,both,GM,0.005,0.45725435445981333
336954,s1_2,Other,0.005,1.1563071677889245
336954,s1_3,Other,0.005,1.6668280618773101
336954,both,Other,0.005,1.5624981300758949
336954,s1_2,All,0.005,0.5429894892049986
336954,s1_3,All,0.005,0.750259062757432
336954,both,All,0.005,0.688263448766316
336954,s1_2,WM,0.01,0.3599135317458108
336954,s1_3,WM,0.01,0.3085566284101044
336954,both,WM,0.01,0.32700938560555176
336954,s1_2,GM,0.01,0.45852015870236296
336954,s1_3,GM,0.01,0.5222838589822335
336954,both,GM,0.01,0.4120060514348381
336954,s1_2,Other,0.01,0.9783459152601874
336954,s1_3,Other,0.01,1.643874282198079
336954,both,Other,0.01,1.125137704629525
336954,s1_2,All,0.01,0.5322130632804052
336954,s1_3,All,0.01,0.7429584301067823
336954,both,All,0.01,0.5515666270646646
336954,s1_2,WM,0.015,0.45058705857387626
336954,s1_3,WM,0.015,0.37768370013193475
336954,both,WM,0.015,0.4256486839533525
336954,s1_2,GM,0.015,0.5192801581678217
336954,s1_3,GM,0.015,0.5482715207992248
336954,both,GM,0.015,0.4865022797965189
336954,s1_2,Other,0.015,0.825066902311915
336954,s1_3,Other,0.015,1.6554841170004877
336954,both,Other,0.015,0.7291534156282958
336954,s1_2,All,0.015,0.5467407813870374
336954,s1_3,All,0.015,0.7687824004959815
336954,both,All,0.015,0.5038919611211865
336954,s1_2,WM,0.02,0.581296000980756
336954,s1_3,WM,0.02,0.4738509971941822
336954,both,WM,0.02,0.5367350861115561
336954,s1_2,GM,0.02,0.572503381994862
336954,s1_3,GM,0.02,0.5801933532154836
336954,both,GM,0.02,0.5783453809968204
336954,s1_2,Other,0.02,0.8602028365207401
336954,s1_3,Other,0.02,1.5395248197356675
336954,both,Other,0.02,0.5643350462962207
336954,s1_2,All,0.02,0.6284210111654468
336954,s1_3,All,0.02,0.7669864610790488
336954,both,All,0.02,0.5561251597084335
336885,s1_2,WM,0.0005,0.27119238126048595
336885,s1_3,WM,0.0005,0.25690450390222147
336885,both,WM,0.0005,0.4774075668244504
336885,s1_2,GM,0.0005,0.3311473448072768
336885,s1_3,GM,0.0005,0.5083763628990254
336885,both,GM,0.0005,0.5698067094256434
336885,s1_2,Other,0.0005,0.7951036199962058
336885,s1_3,Other,0.0005,2.075896489629651
336885,both,Other,0.0005,2.0898122733371327
336885,s1_2,All,0.0005,0.39204064464653726
336885,s1_3,All,0.0005,0.8012707690253137
336885,both,All,0.0005,0.8679997087638863
336885,s1_2,WM,0.001,0.2711921655337398
336885,s1_3,WM,0.001,0.2568613409677214
336885,both,WM,0.001,0.3067009318086715
336885,s1_2,GM,0.001,0.33086224855096424
336885,s1_3,GM,0.001,0.5063660975201693
336885,both,GM,0.001,0.5257033435719096
336885,s1_2,Other,0.001,0.8058839017115901
336885,s1_3,Other,0.001,2.013707266749845
336885,both,Other,0.001,1.9179177035718888
336885,s1_2,All,0.001,0.39452480524630273
336885,s1_3,All,0.001,0.7818566942039036
336885,both,All,0.001,0.7671654754229424
336885,s1_2,WM,0.005,0.28991696223201746
336885,s1_3,WM,0.005,0.27104710459545966
336885,both,WM,0.005,0.25598448179830857
336885,s1_2,GM,0.005,0.34568102651524546
336885,s1_3,GM,0.005,0.4783257829321494
336885,both,GM,0.005,0.41282801361387117
336885,s1_2,Other,0.005,1.0591724872631856
336885,s1_3,Other,0.005,1.6326141779884826
336885,both,Other,0.005,1.4858539149018084
336885,s1_2,All,0.005,0.4693394531033515
336885,s1_3,All,0.005,0.6636633992454645
336885,both,All,0.005,0.5995301850014649
336885,s1_2,WM,0.01,0.35134700562693083
336885,s1_3,WM,0.01,0.3088694695448133
336885,both,WM,0.01,0.32626116188296905
336885,s1_2,GM,0.01,0.4053915090692365
336885,s1_3,GM,0.01,0.4393292874342384
336885,both,GM,0.01,0.36174147377797333
336885,s1_2,Other,0.01,1.0085379512068962
336885,s1_3,Other,0.01,1.5896070597427008
336885,both,Other,0.01,1.094933863514132
336885,s1_2,All,0.01,0.49488546585038423
336885,s1_3,All,0.01,0.648383269739462
336885,both,All,0.01,0.49465386058682853
336885,s1_2,WM,0.015,0.4386294590545768
336885,s1_3,WM,0.015,0.37513776113938785
336885,both,WM,0.015,0.4189336399798752
336885,s1_2,GM,0.015,0.48184735333258805
336885,s1_3,GM,0.015,0.44933439189175856
336885,both,GM,0.015,0.43106693213195557
336885,s1_2,Other,0.015,0.9092976432805027
336885,s1_3,Other,0.015,1.6106516291104143
336885,both,Other,0.015,0.7906870914295764
336885,s1_2,All,0.015,0.5319080860918115
336885,s1_3,All,0.015,0.6735959483940671
336885,both,All,0.015,0.48219698867577315
336885,s1_2,WM,0.02,0.5661657351697612
336885,s1_3,WM,0.02,0.46848712135075565
336885,both,WM,0.02,0.5259280879042847
336885,s1_2,GM,0.02,0.5618205727123855
336885,s1_3,GM,0.02,0.499545339303343
336885,both,GM,0.02,0.5234652690120095
336885,s1_2,Other,0.02,0.8778653917771878
336885,s1_3,Other,0.02,1.516781735498484
336885,both,Other,0.02,0.6620628479161598
336885,s1_2,All,0.02,0.6095170964445487
336885,s1_3,All,0.02,0.6901064382274456
336885,both,All,0.02,0.5427557836779241
336195,s1_2,WM,0.0005,0.2654783624295977
336195,s1_3,WM,0.0005,0.25802369743893167
336195,both,WM,0.0005,0.4869791125144182
336195,s1_2,GM,0.0005,0.31133398492846637
336195,s1_3,GM,0.0005,0.5784825643734697
336195,both,GM,0.0005,0.624919260194316
336195,s1_2,Other,0.0005,0.8902284459206304
336195,s1_3,Other,0.0005,2.6417706506607224
336195,both,Other,0.0005,2.5784213288537474
336195,s1_2,All,0.0005,0.48209711601707045
336195,s1_3,All,0.0005,1.2738325370677337
336195,both,All,0.0005,1.2820042429022487
336195,s1_2,WM,0.001,0.265461394786296
336195,s1_3,WM,0.001,0.25697645712938666
336195,both,WM,0.001,0.3215515291794534
336195,s1_2,GM,0.001,0.31171129695438093
336195,s1_3,GM,0.001,0.576910069633032
336195,both,GM,0.001,0.5710203283557436
336195,s1_2,Other,0.001,0.912273587834573
336195,s1_3,Other,0.001,2.554916080643635
336195,both,Other,0.001,2.2398651816053294
336195,s1_2,All,0.001,0.49076886283136517
336195,s1_3,All,0.001,1.235675241711524
336195,both,All,0.001,1.1054135844630322
336195,s1_2,WM,0.005,0.2857005705275523
336195,s1_3,WM,0.005,0.26477879595913284
336195,both,WM,0.005,0.24463399105279066
336195,s1_2,GM,0.005,0.35991933593931896
336195,s1_3,GM,0.005,0.5407433538057147
336195,both,GM,0.005,0.4464383898913605
336195,s1_2,Other,0.005,1.150398372221687
336195,s1_3,Other,0.005,1.6189329338534681
336195,both,Other,0.005,1.5088856858928403
336195,s1_2,All,0.005,0.6008965317331737
336195,s1_3,All,0.005,0.8319009345853972
336195,both,All,0.005,0.761307648153375
336195,s1_2,WM,0.01,0.35003675882094065
336195,s1_3,WM,0.01,0.29815151911644067
336195,both,WM,0.01,0.317801972043305
336195,s1_2,GM,0.01,0.43486550058614615
336195,s1_3,GM,0.01,0.5037951586049262
336195,both,GM,0.01,0.3851372238003889
336195,s1_2,Other,0.01,0.8777464848346473
336195,s1_3,Other,0.01,1.5811522629914492
336195,both,Other,0.01,1.0294374080569524
336195,s1_2,All,0.01,0.5333064704999015
336195,s1_3,All,0.01,0.8119728492289084
336195,both,All,0.01,0.5663493847911568
336195,s1_2,WM,0.015,0.438560126899506
336195,s1_3,WM,0.015,0.3565632812153326
336195,both,WM,0.015,0.4185401309544955
336195,s1_2,GM,0.015,0.49256062651928095
336195,s1_3,GM,0.015,0.5231254019906766
336195,both,GM,0.015,0.4537754812357308
336195,s1_2,Other,0.015,0.6925045249133827
336195,s1_3,Other,0.015,1.5885250307738459
336195,both,Other,0.015,0.6068537532801084
336195,s1_2,All,0.015,0.521665280584311
336195,s1_3,All,0.015,0.8290375981049194
336195,both,All,0.015,0.47711322500241665
336195,s1_2,WM,0.02,0.5550391979985498
336195,s1_3,WM,0.02,0.44107038070213594
336195,both,WM,0.02,0.524053851206421
336195,s1_2,GM,0.02,0.5498487872320631
336195,s1_3,GM,0.02,0.556995918649013
336195,both,GM,0.02,0.5443780838266504
336195,s1_2,Other,0.02,0.8920764247032698
336195,s1_3,Other,0.02,1.4600218787129158
336195,both,Other,0.02,0.47129597724286304
336195,s1_2,All,0.02,0.6390063433024946
336195,s1_3,All,0.02,0.8039357248965165
336195,both,All,0.02,0.5215347975646764
335663,s1_2,WM,0.0005,0.25347774503139325
335663,s1_3,WM,0.0005,0.2350968253670059
335663,both,WM,0.0005,0.4023122601526055
335663,s1_2,GM,0.0005,0.27892870191055513
335663,s1_3,GM,0.0005,0.5030272395654077
335663,both,GM,0.0005,0.5074961217490944
335663,s1_2,Other,0.0005,1.0265237498351727
335663,s1_3,Other,0.0005,2.338803103645991
335663,both,Other,0.0005,2.25963597439638
335663,s1_2,All,0.0005,0.46924199811354805
335663,s1_3,All,0.0005,0.9786267455520312
335663,both,All,0.0005,0.9757706495002139
335663,s1_2,WM,0.001,0.253475766529499
335663,s1_3,WM,0.001,0.23501625129253848
335663,both,WM,0.001,0.2483741009001397
335663,s1_2,GM,0.001,0.27865826771568236
335663,s1_3,GM,0.001,0.5025457034671893
335663,both,GM,0.001,0.48880691157999223
335663,s1_2,Other,0.001,1.0439409206063635
335663,s1_3,Other,0.001,2.2925267097307773
335663,both,Other,0.001,2.044150951547869
335663,s1_2,All,0.001,0.4749889038528025
335663,s1_3,All,0.001,0.9617129715793084
335663,both,All,0.001,0.8709210702182181
335663,s1_2,WM,0.005,0.27331915671950435
335663,s1_3,WM,0.005,0.24907030476067596
335663,both,WM,0.005,0.23160519080971106
335663,s1_2,GM,0.005,0.3020819327904182
335663,s1_3,GM,0.005,0.47079819652187616
335663,both,GM,0.005,0.39117404403129036
335663,s1_2,Other,0.005,1.2888697344321987
335663,s1_3,Other,0.005,1.7376320715751379
335663,both,Other,0.005,1.6294233555178343
335663,s1_2,All,0.005,0.5680346316143011
335663,s1_3,All,0.005,0.7585656124134722
335663,both,All,0.005,0.6992361577017068
335663,s1_2,WM,0.01,0.3376303571994577
335663,s1_3,WM,0.01,0.2885793744798805
335663,both,WM,0.01,0.3073807072821882
335663,s1_2,GM,0.01,0.369421786599009
335663,s1_3,GM,0.01,0.4241455118290204
335663,both,GM,0.01,0.3157802643568041
335663,s1_2,Other,0.01,1.0872806917764057
335663,s1_3,Other,0.01,1.7098310588948102
335663,both,Other,0.01,1.1774971467103714
335663,s1_2,All,0.01,0.5342762118528598
335663,s1_3,All,0.01,0.744188722728158
335663,both,All,0.01,0.5414270748126387
335663,s1_2,WM,0.015,0.4274292564418303
335663,s1_3,WM,0.015,0.3549549706375733
335663,both,WM,0.015,0.40467174785307564
335663,s1_2,GM,0.015,0.4414594128390956
335663,s1_3,GM,0.015,0.4339261420833263
335663,both,GM,0.015,0.38498233573660073
335663,s1_2,Other,0.015,0.9311162680344239
335663,s1_3,Other,0.015,1.7240489365965603
335663,both,Other,0.015,0.7846647712321602
335663,s1_2,All,0.015,0.5400496232696337
335663,s1_3,All,0.015,0.7640824304745818
335663,both,All,0.015,0.4757556366448471
335663,s1_2,WM,0.02,0.5550586749951769
335663,s1_3,WM,0.02,0.4472817064458392
335663,both,WM,0.02,0.5120193022117301
335663,s1_2,GM,0.02,0.5230608161675284
335663,s1_3,GM,0.02,0.48039016332388806
335663,both,GM,0.02,0.4797045326290748
335663,s1_2,Other,0.02,1.0384468639504263
335663,s1_3,Other,0.02,1.6211177396830576
335663,both,Other,0.02,0.6134359527685184
335663,s1_2,All,0.02,0.6415448924697796
335663,s1_3,All,0.02,0.7626798057061913
335663,both,All,0.02,0.5165221555204691
336144,s1_2,WM,0.0005,0.3062497330762625
336144,s1_3,WM,0.0005,0.28214522952359233
336144,both,WM,0.0005,0.3984768122184973
336144,s1_2,GM,0.0005,0.2831293337816779
336144,s1_3,GM,0.0005,0.4160289258502791
336144,both,GM,0.0005,0.4488396760729618
336144,s1_2,Other,0.0005,0.8079178845803219
336144,s1_3,Other,0.0005,1.921720299697467
336144,both,Other,0.0005,1.9485817218381605
336144,s1_2,All,0.0005,0.3862776491309247
336144,s1_3,All,0.0005,0.713326558650199
336144,both,All,0.0005,0.7555504332566464
336144,s1_2,WM,0.001,0.3062471750770098
336144,s1_3,WM,0.001,0.28209537367282667
336144,both,WM,0.001,0.27288334763797417
336144,s1_2,GM,0.001,0.2830509122467346
336144,s1_3,GM,0.001,0.4162639148784388
336144,both,GM,0.001,0.41386101178828544
336144,s1_2,Other,0.001,0.8182693639175012
336144,s1_3,Other,0.001,1.824495850495266
336144,both,Other,0.001,1.6752811852872203
336144,s1_2,All,0.001,0.3886151699030874
336144,s1_3,All,0.001,0.6850643894492987
336144,both,All,0.001,0.6397029360555199
336144,s1_2,WM,0.005,0.3286280722769732
336144,s1_3,WM,0.005,0.2980192504658987
336144,both,WM,0.005,0.2799100681976634
336144,s1_2,GM,0.005,0.3120023331393848
336144,s1_3,GM,0.005,0.39581698254560027
336144,both,GM,0.005,0.33382908783760074
336144,s1_2,Other,0.005,1.090964154603018
336144,s1_3,Other,0.005,1.587110487086087
336144,both,Other,0.005,1.3760253738262254
336144,s1_2,All,0.005,0.47058374801819386
336144,s1_3,All,0.005,0.6159814649441518
336144,both,All,0.005,0.5371637369728153
336144,s1_2,WM,0.01,0.3973463237691827
336144,s1_3,WM,0.01,0.3437744526934295
336144,both,WM,0.01,0.3681059627743755
336144,s1_2,GM,0.01,0.3767276050944024
336144,s1_3,GM,0.01,0.37278946459135315
336144,both,GM,0.01,0.34396364112897937
336144,s1_2,Other,0.01,1.0095167292790725
336144,s1_3,Other,0.01,1.5567630580758138
336144,both,Other,0.01,0.9880537187959082
336144,s1_2,All,0.01,0.4952246899247158
336144,s1_3,All,0.01,0.6138797585829303
336144,both,All,0.01,0.46920944562438915
336144,s1_2,WM,0.015,0.48995425888258737
336144,s1_3,WM,0.015,0.4128779671511125
336144,both,WM,0.015,0.47001555001124884
336144,s1_2,GM,0.015,0.4475248618379551
336144,s1_3,GM,0.015,0.39544152798677445
336144,both,GM,0.015,0.45452893193278254
336144,s1_2,Other,0.015,0.8993633809054596
336144,s1_3,Other,0.015,1.5728746610518771
336144,both,Other,0.015,0.7503837970651208
336144,s1_2,All,0.015,0.5350983294358796
336144,s1_3,All,0.015,0.6444394508135685
336144,both,All,0.015,0.5024999282230835
336144,s1_2,WM,0.02,0.6165823903625935
336144,s1_3,WM,0.02,0.5062207449368533
336144,both,WM,0.02,0.5783360838592141
336144,s1_2,GM,0.02,0.5152862764472198
336144,s1_3,GM,0.02,0.44333935884215914
336144,both,GM,0.02,0.5631471812747048
336144,s1_2,Other,0.02,0.8459999581306236
336144,s1_3,Other,0.02,1.453720850339271
336144,both,Other,0.02,0.6660347927035164
336144,s1_2,All,0.02,0.6097878984061046
336144,s1_3,All,0.02,0.6593577910648615
336144,both,All,0.02,0.5827163453784155
337071,s1_2,WM,0.0005,0.3274636498134187
337071,s1_3,WM,0.0005,0.3021369792342359
337071,both,WM,0.0005,0.6261584984325617
337071,s1_2,GM,0.0005,0.3505809110242797
337071,s1_3,GM,0.0005,0.4372839809247867
337071,both,GM,0.0005,0.6620820086342664
337071,s1_2,Other,0.0005,0.7731424892665313
337071,s1_3,Other,0.0005,1.7465803394069308
337071,both,Other,0.0005,1.809043060452042
337071,s1_2,All,0.0005,0.4053232781052
337071,s1_3,All,0.0005,0.6617398503496397
337071,both,All,0.0005,0.840596773045597
337071,s1_2,WM,0.001,0.3274636498134187
337071,s1_3,WM,0.001,0.3021223653869206
337071,both,WM,0.001,0.4149433175037553
337071,s1_2,GM,0.001,0.35038610759896244
337071,s1_3,GM,0.001,0.4363188342311706
337071,both,GM,0.001,0.5530144080213323
337071,s1_2,Other,0.001,0.781387225626145
337071,s1_3,Other,0.001,1.688885866801622
337071,both,Other,0.001,1.6319151423660434
337071,s1_2,All,0.001,0.40685728222057554
337071,s1_3,All,0.001,0.6459901155033639
337071,both,All,0.001,0.6972455047231456
337071,s1_2,WM,0.005,0.3491239465889565
337071,s1_3,WM,0.005,0.31958497562582355
337071,both,WM,0.005,0.3012334869748094
337071,s1_2,GM,0.005,0.37588751357734124
337071,s1_3,GM,0.005,0.4171400809467128
337071,both,GM,0.005,0.367709004590344
337071,s1_2,Other,0.005,0.974214572409194
337071,s1_3,Other,0.005,1.4430360090344676
337071,both,Other,0.005,1.292158262552646
337071,s1_2,All,0.005,0.46362908534683656
337071,s1_3,All,0.005,0.5799285988980458
337071,both,All,0.005,0.521258703154737
337071,s1_2,WM,0.01,0.41691674111343635
337071,s1_3,WM,0.01,0.36347868972603475
337071,both,WM,0.01,0.3838141919929603
337071,s1_2,GM,0.01,0.4403347897516197
337071,s1_3,GM,0.01,0.4054095295937521
337071,both,GM,0.01,0.40851366149274454
337071,s1_2,Other,0.01,0.965798617479835
337071,s1_3,Other,0.01,1.4008130747660767
337071,both,Other,0.01,0.9866422131518126
337071,s1_2,All,0.01,0.5101210796447531
337071,s1_3,All,0.01,0.5772557885566441
337071,both,All,0.01,0.49024938157362824
337071,s1_2,WM,0.015,0.5099561461617728
337071,s1_3,WM,0.015,0.43714311397211114
337071,both,WM,0.015,0.48419580652664623
337071,s1_2,GM,0.015,0.5194236057290892
337071,s1_3,GM,0.015,0.43498620659797305
337071,both,GM,0.015,0.5261978431311957
337071,s1_2,Other,0.015,0.9090140284840903
337071,s1_3,Other,0.015,1.4292612542489518
337071,both,Other,0.015,0.7912986752474357
337071,s1_2,All,0.015,0.5676045970249082
337071,s1_3,All,0.015,0.6157085801708492
337071,both,All,0.015,0.5416867236947392
337071,s1_2,WM,0.02,0.644894352565045
337071,s1_3,WM,0.02,0.5394884541222952
337071,both,WM,0.02,0.5972553792172023
337071,s1_2,GM,0.02,0.5998890939649135
337071,s1_3,GM,0.02,0.49592045099014326
337071,both,GM,0.02,0.63618877011319
337071,s1_2,Other,0.02,0.8890268951199748
337071,s1_3,Other,0.02,1.3755107749361382
337071,both,Other,0.02,0.7268035182944744
337071,s1_2,All,0.02,0.6549497269917273
337071,s1_3,All,0.02,0.6588601953858839
337071,both,All,0.02,0.6290799609440809
335407,s1_2,WM,0.0005,0.3073152183544555
335407,s1_3,WM,0.0005,0.29082258489524077
335407,both,WM,0.0005,0.43945372696672164
335407,s1_2,GM,0.0005,0.3160114299331
335407,s1_3,GM,0.0005,0.38411898963150753
335407,both,GM,0.0005,0.41964055932895394
335407,s1_2,Other,0.0005,0.6906260860329605
335407,s1_3,Other,0.0005,1.509457609369667
335407,both,Other,0.0005,1.490168263019435
335407,s1_2,All,0.0005,0.348743231025908
335407,s1_3,All,0.0005,0.505529456576291
335407,both,All,0.0005,0.5616995732876842
335407,s1_2,WM,0.001,0.30731072258153586
335407,s1_3,WM,0.001,0.29091914733110347
335407,both,WM,0.001,0.2926975294419484
335407,s1_2,GM,0.001,0.3158617388322989
335407,s1_3,GM,0.001,0.38275009752760064
335407,both,GM,0.001,0.37409257249110495
335407,s1_2,Other,0.001,0.6971364648857897
335407,s1_3,Other,0.001,1.4656984056944784
335407,both,Other,0.001,1.3235625338870016
335407,s1_2,All,0.001,0.34950975710285104
335407,s1_3,All,0.001,0.496701342687936
335407,both,All,0.001,0.4675254205826641
335407,s1_2,WM,0.005,0.33037715086208275
335407,s1_3,WM,0.005,0.31058189469530795
335407,both,WM,0.005,0.2897605620050108
335407,s1_2,GM,0.005,0.34285652595250626
335407,s1_3,GM,0.005,0.3694767337444475
335407,both,GM,0.005,0.32778536044784745
335407,s1_2,Other,0.005,0.9121289483117675
335407,s1_3,Other,0.005,1.3272009927009587
335407,both,Other,0.005,1.1164719952082676
335407,s1_2,All,0.005,0.3995445679556035
335407,s1_3,All,0.005,0.4717620441356851
335407,both,All,0.005,0.4121684438174289
335407,s1_2,WM,0.01,0.40006709577648797
335407,s1_3,WM,0.01,0.3560739860688317
335407,both,WM,0.01,0.37398278011148384
335407,s1_2,GM,0.01,0.4045587679378092
335407,s1_3,GM,0.01,0.36285319069384714
335407,both,GM,0.01,0.38165124896581737
335407,s1_2,Other,0.01,0.9239468042795069
335407,s1_3,Other,0.01,1.2828128766662616
335407,both,Other,0.01,0.8312076602508693
335407,s1_2,All,0.01,0.4543057406165891
335407,s1_3,All,0.01,0.47625510195514403
335407,both,All,0.01,0.42197417998267306
335407,s1_2,WM,0.015,0.49487888745251724
335407,s1_3,WM,0.015,0.4340617865303923
335407,both,WM,0.015,0.47399808524377457
335407,s1_2,GM,0.015,0.47819059642152956
335407,s1_3,GM,0.015,0.39324232586275487
335407,both,GM,0.015,0.5044163829634009
335407,s1_2,Other,0.015,0.8800143238543705
335407,s1_3,Other,0.015,1.3131011110090922
335407,both,Other,0.015,0.692249630429373
335407,s1_2,All,0.015,0.5208482774117105
335407,s1_3,All,0.015,0.520797172698643
335407,both,All,0.015,0.5051219883059483
335407,s1_2,WM,0.02,0.6337177036816458
335407,s1_3,WM,0.02,0.5413157455084344
335407,both,WM,0.02,0.5917235062832791
335407,s1_2,GM,0.02,0.5476098311761057
335407,s1_3,GM,0.02,0.44705256995595233
335407,both,GM,0.02,0.6162656964724164
335407,s1_2,Other,0.02,0.8455857600745118
335407,s1_3,Other,0.02,1.266210095001625
335407,both,Other,0.02,0.6598676213755348
335407,s1_2,All,0.02,0.6112131618150808
335407,s1_3,All,0.02,0.5772313465335853
335407,both,All,0.02,0.6080023386334084
338090,s1_2,WM,0.0005,0.28752414462947196
338090,s1_3,WM,0.0005,0.2728630465058109
338090,both,WM,0.0005,0.6183066534246405
338090,s1_2,GM,0.0005,0.3456915084483724
338090,s1_3,GM,0.0005,0.41286658204518406
338090,both,GM,0.0005,0.7315774599447658
338090,s1_2,Other,0.0005,0.7699727496121738
338090,s1_3,Other,0.0005,1.7564948914707603
338090,both,Other,0.0005,1.9573242289626367
338090,s1_2,All,0.0005,0.38921247409823256
338090,s1_3,All,0.0005,0.6598868846352035
338090,both,All,0.0005,0.9009855644061637
338090,s1_2,WM,0.001,0.28752408601648766
338090,s1_3,WM,0.001,0.2729711329807174
338090,both,WM,0.001,0.42164615765697866
338090,s1_2,GM,0.001,0.34554846774901155
338090,s1_3,GM,0.001,0.41205717784263557
338090,both,GM,0.001,0.6119130129822518
338090,s1_2,Other,0.001,0.7787552645161192
338090,s1_3,Other,0.001,1.7022846352349899
338090,both,Other,0.001,1.739912885428087
338090,s1_2,All,0.001,0.39104882756836806
338090,s1_3,All,0.001,0.6441850925058246
338090,both,All,0.001,0.7475085627560173
338090,s1_2,WM,0.005,0.3068698053846987
338090,s1_3,WM,0.005,0.2877741022055778
338090,both,WM,0.005,0.27209555930869184
338090,s1_2,GM,0.005,0.37062208319641843
338090,s1_3,GM,0.005,0.3974043178915913
338090,both,GM,0.005,0.3567634476256907
338090,s1_2,Other,0.005,0.9586234915487658
338090,s1_3,Other,0.005,1.370339060858182
338090,both,Other,0.005,1.2268088152978165
338090,s1_2,All,0.005,0.4464759413092614
338090,s1_3,All,0.005,0.5519804882675502
338090,both,All,0.005,0.498443359627899
338090,s1_2,WM,0.01,0.3694066081563434
338090,s1_3,WM,0.01,0.3264200519775392
338090,both,WM,0.01,0.3431856862443691
338090,s1_2,GM,0.01,0.4312931597780429
338090,s1_3,GM,0.01,0.38947765980604887
338090,both,GM,0.01,0.3999713080133002
338090,s1_2,Other,0.01,0.9113963023939446
338090,s1_3,Other,0.01,1.3225101142925548
338090,both,Other,0.01,0.9256729966089732
338090,s1_2,All,0.01,0.47946423925888604
338090,s1_3,All,0.01,0.5484481935005981
338090,both,All,0.01,0.46186644295136525
338090,s1_2,WM,0.015,0.4588383078149999
338090,s1_3,WM,0.015,0.39561621622687976
338090,both,WM,0.015,0.4385368225198334
338090,s1_2,GM,0.015,0.5091563938361027
338090,s1_3,GM,0.015,0.41911273834604645
338090,both,GM,0.015,0.5166274413028604
338090,s1_2,Other,0.015,0.8503787701438306
338090,s1_3,Other,0.015,1.344642743285551
338090,both,Other,0.015,0.7452723259664386
338090,s1_2,All,0.015,0.532940212947624
338090,s1_3,All,0.015,0.584869278916523
338090,both,All,0.015,0.5091919674153625
338090,s1_2,WM,0.02,0.5898141945239017
338090,s1_3,WM,0.02,0.49520940230855576
338090,both,WM,0.02,0.5494123137721106
338090,s1_2,GM,0.02,0.5895663932968351
338090,s1_3,GM,0.02,0.4791636711476457
338090,both,GM,0.02,0.6261741478030354
338090,s1_2,Other,0.02,0.8489805256097739
338090,s1_3,Other,0.02,1.2899949626524245
338090,both,Other,0.02,0.6995272721740072
338090,s1_2,All,0.02,0.6229454621574251
338090,s1_3,All,0.02,0.6266749986434355
338090,both,All,0.02,0.5963704629945603
335683,s1_2,WM,0.0005,0.26911459499083207
335683,s1_3,WM,0.0005,0.24538482623033345
335683,both,WM,0.0005,0.48470213185988265
335683,s1_2,GM,0.0005,0.2870897386856213
335683,s1_3,GM,0.0005,0.4664634404607395
335683,both,GM,0.0005,0.5110444010502979
335683,s1_2,Other,0.0005,0.8676776585236212
335683,s1_3,Other,0.0005,2.496861690366902
335683,both,Other,0.0005,2.4401283151605337
335683,s1_2,All,0.0005,0.44159275831077066
335683,s1_3,All,0.0005,1.0958356129796596
335683,both,All,0.0005,1.1138475636495089
335683,s1_2,WM,0.001,0.2691150233779434
335683,s1_3,WM,0.001,0.2453482373046533
335683,both,WM,0.001,0.29530600972054555
335683,s1_2,GM,0.001,0.28702693526340567
335683,s1_3,GM,0.001,0.4661135656529125
335683,both,GM,0.001,0.4687379680777268
335683,s1_2,Other,0.001,0.8866945158280489
335683,s1_3,Other,0.001,2.4180422954949945
335683,both,Other,0.001,2.1447028590387816
335683,s1_2,All,0.001,0.4480965160794775
335683,s1_3,All,0.001,1.0645866016815333
335683,both,All,0.001,0.9634966357458017
335683,s1_2,WM,0.005,0.289316805364437
335683,s1_3,WM,0.005,0.2583483480001656
335683,both,WM,0.005,0.2418805746579906
335683,s1_2,GM,0.005,0.3136456434795963
335683,s1_3,GM,0.005,0.4385078074495449
335683,both,GM,0.005,0.371214904030137
335683,s1_2,Other,0.005,1.122501127213606
335683,s1_3,Other,0.005,1.555000533821889
335683,both,Other,0.005,1.455274614300121
335683,s1_2,All,0.005,0.5426806908388438
335683,s1_3,All,0.005,0.7273702026810156
335683,both,All,0.005,0.6710948357872029
335683,s1_2,WM,0.01,0.3535488573414862
335683,s1_3,WM,0.01,0.29897503055393715
335683,both,WM,0.01,0.32154441371049813
335683,s1_2,GM,0.01,0.37309631000409216
335683,s1_3,GM,0.01,0.4046755101765527
335683,both,GM,0.01,0.33023568170043666
335683,s1_2,Other,0.01,0.886213652030339
335683,s1_3,Other,0.01,1.5196349368266415
335683,both,Other,0.01,1.026104305133782
335683,s1_2,All,0.01,0.49586286373109595
335683,s1_3,All,0.01,0.712095101198191
335683,both,All,0.01,0.5204951535459826
335683,s1_2,WM,0.015,0.44264863898579154
335683,s1_3,WM,0.015,0.3626123135532609
335683,both,WM,0.015,0.4208149211916465
335683,s1_2,GM,0.015,0.43926379289656375
335683,s1_3,GM,0.015,0.41849154728421883
335683,both,GM,0.015,0.4138476360376665
335683,s1_2,Other,0.015,0.737690697734553
335683,s1_3,Other,0.015,1.5297257148114254
335683,both,Other,0.015,0.6642640071544385
335683,s1_2,All,0.015,0.5051986562080859
335683,s1_3,All,0.015,0.7308409509954941
335683,both,All,0.015,0.469622906094616
335683,s1_2,WM,0.02,0.565352023319233
335683,s1_3,WM,0.02,0.4519095075464723
335683,both,WM,0.02,0.5258166034867764
335683,s1_2,GM,0.02,0.51122210830195
335683,s1_3,GM,0.02,0.46042913110173106
335683,both,GM,0.02,0.5118494511606896
335683,s1_2,Other,0.02,0.9110835285143352
335683,s1_3,Other,0.02,1.4189023406331875
335683,both,Other,0.02,0.5712492703497886
335683,s1_2,All,0.02,0.6193368101542494
335683,s1_3,All,0.02,0.7225768003554267
335683,both,All,0.02,0.5281858186267181
335652,s1_2,WM,0.0005,0.32210226008877035
335652,s1_3,WM,0.0005,0.3076982399400006
335652,both,WM,0.0005,0.4484632507597521
335652,s1_2,GM,0.0005,0.3220222234088726
335652,s1_3,GM,0.0005,0.5708870545188789
335652,both,GM,0.0005,0.582737166789579
335652,s1_2,Other,0.0005,0.9935686608785091
335652,s1_3,Other,0.0005,2.6064425447228357
335652,both,Other,0.0005,2.45408250001544
335652,s1_2,All,0.0005,0.5367992690277861
335652,s1_3,All,0.0005,1.2587933202919694
335652,both,All,0.0005,1.21290591963003
335652,s1_2,WM,0.001,0.32208910911655964
335652,s1_3,WM,0.001,0.3074296465882584
335652,both,WM,0.001,0.31472570311793885
335652,s1_2,GM,0.001,0.3223479744598233
335652,s1_3,GM,0.001,0.5706221194719308
335652,both,GM,0.001,0.5361125005653035
335652,s1_2,Other,0.001,1.0159043764481026
335652,s1_3,Other,0.001,2.4819824529095698
335652,both,Other,0.001,2.023027587794547
335652,s1_2,All,0.001,0.5455298774720025
335652,s1_3,All,0.001,1.205058987442928
335652,both,All,0.001,1.0036095452313039
335652,s1_2,WM,0.005,0.34253705802105455
335652,s1_3,WM,0.005,0.3194067884645549
335652,both,WM,0.005,0.2997216097430545
335652,s1_2,GM,0.005,0.3723740980270485
335652,s1_3,GM,0.005,0.5368918092473338
335652,both,GM,0.005,0.43857223751863056
335652,s1_2,Other,0.005,1.2567926782797345
335652,s1_3,Other,0.005,1.6800652490226544
335652,both,Other,0.005,1.5822929902356657
335652,s1_2,All,0.005,0.656515884692705
335652,s1_3,All,0.005,0.8623276599137822
335652,both,All,0.005,0.7964135242516408
335652,s1_2,WM,0.01,0.4069677421111209
335652,s1_3,WM,0.01,0.3562936349766542
335652,both,WM,0.01,0.3768091722346304
335652,s1_2,GM,0.01,0.4546677317034568
335652,s1_3,GM,0.01,0.5055368389243423
335652,both,GM,0.01,0.40238147421714243
335652,s1_2,Other,0.01,0.9606300350408753
335652,s1_3,Other,0.01,1.664737224176932
335652,both,Other,0.01,1.0656545531494992
335652,s1_2,All,0.01,0.5830471598990674
335652,s1_3,All,0.01,0.8543113146410455
335652,both,All,0.01,0.5977410850810613
335652,s1_2,WM,0.015,0.4951864160317017
335652,s1_3,WM,0.015,0.4183507083590799
335652,both,WM,0.015,0.4774367940882243
335652,s1_2,GM,0.015,0.5056183995762205
335652,s1_3,GM,0.015,0.5298116339647122
335652,both,GM,0.015,0.48894093669296324
335652,s1_2,Other,0.015,0.7648598895550147
335652,s1_3,Other,0.015,1.6692292611827315
335652,both,Other,0.015,0.6536772318586853
335652,s1_2,All,0.015,0.5659279530839668
335652,s1_3,All,0.015,0.8728920248016315
335652,both,All,0.015,0.5234095510606424
335652,s1_2,WM,0.02,0.6157784311788188
335652,s1_3,WM,0.02,0.5059280435294047
335652,both,WM,0.02,0.5850001230236886
335652,s1_2,GM,0.02,0.5507982157683005
335652,s1_3,GM,0.02,0.5614187430480388
335652,both,GM,0.02,0.5826958790859275
335652,s1_2,Other,0.02,0.9978221683714874
335652,s1_3,Other,0.02,1.5182396356187444
335652,both,Other,0.02,0.5090436553143779
335652,s1_2,All,0.02,0.6913047458196747
335652,s1_3,All,0.02,0.8409213463883382
335652,both,All,0.02,0.5690460406299724
336839,s1_2,WM,0.0005,0.3016343181210171
336839,s1_3,WM,0.0005,0.28330870676964787
336839,both,WM,0.0005,0.4102862170851844
336839,s1_2,GM,0.0005,0.29750831372006575
336839,s1_3,GM,0.0005,0.47140188948513073
336839,both,GM,0.0005,0.4913037311445392
336839,s1_2,Other,0.0005,0.7679769769971482
336839,s1_3,Other,0.0005,1.8697925580981039
336839,both,Other,0.0005,1.978523465537799
336839,s1_2,All,0.0005,0.3739222031556405
336839,s1_3,All,0.0005,0.6938332717113265
336839,both,All,0.0005,0.7573437549020386
336839,s1_2,WM,0.001,0.30163410458196743
336839,s1_3,WM,0.001,0.2832750005514091
336839,both,WM,0.001,0.2858150304540378
336839,s1_2,GM,0.001,0.29726576840620916
336839,s1_3,GM,0.001,0.4706970336206717
336839,both,GM,0.001,0.46448348513734766
336839,s1_2,Other,0.001,0.775790439166206
336839,s1_3,Other,0.001,1.8005642538755546
336839,both,Other,0.001,1.7654330785393044
336839,s1_2,All,0.001,0.3754506634434265
336839,s1_3,All,0.001,0.6750639848308899
336839,both,All,0.001,0.6644091938060647
336839,s1_2,WM,0.005,0.3221525340467462
336839,s1_3,WM,0.005,0.30001722722750085
336839,both,WM,0.005,0.2821220046006966
336839,s1_2,GM,0.005,0.31241142232324826
336839,s1_3,GM,0.005,0.4470934294919793
336839,both,GM,0.005,0.3755861808389593
336839,s1_2,Other,0.005,1.0164669091236314
336839,s1_3,Other,0.005,1.5405491985557678
336839,both,Other,0.005,1.3518932848119696
336839,s1_2,All,0.005,0.44058383260017375
336839,s1_3,All,0.005,0.6036912196348302
336839,both,All,0.005,0.5293205234217371
336839,s1_2,WM,0.01,0.3876863472411111
336839,s1_3,WM,0.01,0.3419256413752075
336839,both,WM,0.01,0.3604077956133018
336839,s1_2,GM,0.01,0.36894377971335
336839,s1_3,GM,0.01,0.411738037575377
336839,both,GM,0.01,0.3323570977870951
336839,s1_2,Other,0.01,0.9828624425340777
336839,s1_3,Other,0.01,1.5091883357867393
336839,both,Other,0.01,0.9992936879776566
336839,s1_2,All,0.01,0.47529428315703975
336839,s1_3,All,0.01,0.5958574782451949
336839,both,All,0.01,0.45671588882584585
336839,s1_2,WM,0.015,0.47836310962009926
336839,s1_3,WM,0.015,0.41318885890113277
336839,both,WM,0.015,0.4562694451069815
336839,s1_2,GM,0.015,0.4438184706535321
336839,s1_3,GM,0.015,0.42275192148055496
336839,both,GM,0.015,0.40880390203900147
336839,s1_2,Other,0.015,0.9080782789890439
336839,s1_3,Other,0.015,1.5277552520605195
336839,both,Other,0.015,0.7780282346241248
336839,s1_2,All,0.015,0.5244257442433561
336839,s1_3,All,0.015,0.624802830481105
336839,both,All,0.015,0.4802582602563775
336839,s1_2,WM,0.02,0.6102005358265805
336839,s1_3,WM,0.02,0.5104088727150385
336839,both,WM,0.02,0.5677472532121355
336839,s1_2,GM,0.02,0.5234655035881685
336839,s1_3,GM,0.02,0.46879580350745165
336839,both,GM,0.02,0.5074679199516723
336839,s1_2,Other,0.02,0.8642167808141793
336839,s1_3,Other,0.02,1.4362725658833528
336839,both,Other,0.02,0.7075217524670613
336839,s1_2,All,0.02,0.6070435974827498
336839,s1_3,All,0.02,0.6508565412446503
336839,both,All,0.02,0.5594132769207331
